file,from,role,to,count
App.css,#020403,bg,#0f1e50,2
App.css,#020d09,bg,#0f1e50,1
App.css,#030604,bg,#0f1e50,1
App.css,#030a07,bg,#0f1e50,1
App.css,#040c08,bg,#0f1e50,3
App.css,#040d09,bg,#0f1e50,1
App.css,#04110d,bg,#0f1e50,1
App.css,#050e0a,bg,#0f1e50,1
App.css,#05110d,bg,#0f1e50,1
App.css,#05140f,bg,#0f1e50,2
App.css,#060d09,bg,#0f1e50,1
App.css,#060d0a,bg,#0f1e50,1
App.css,#060f0b,bg,#0f1e50,1
App.css,#06140f,bg,#0f1e50,1
App.css,#070c09,bg,#0f1e50,1
App.css,#070e0a,bg,#0f1e50,1
App.css,#070f0a,any,#0f1e50,1
App.css,#07100c,bg,#0f1e50,1
App.css,#07120d,border,#274086,1
App.css,#07120e,bg,#0f1e50,1
App.css,#07150f,bg,#0f1e50,1
App.css,#07170f,any,#0f1e50,1
App.css,#071812,border,#274086,1
App.css,#073e31,bg,#1749d6,1
App.css,#073f35,any,#1749d6,1
App.css,#073f35,border,#274086,1
App.css,#074b3a,text,#0d1a3a,1
App.css,#07513e,bg,#1749d6,6
App.css,#07513e,border,#274086,3
App.css,#07513e,text,#0d1a3a,3
App.css,#080c0b,bg,#0f1e50,2
App.css,#08100b,bg,#0f1e50,2
App.css,#08100c,bg,#0f1e50,3
App.css,#08110d,bg,#0f1e50,2
App.css,#08120d,bg,#0f1e50,1
App.css,#08130f,bg,#0f1e50,2
App.css,#08140f,border,#274086,1
App.css,#082019,text,#0d1a3a,1
App.css,#08231a,bg,#0f1e50,1
App.css,#08231d,bg,#0f1e50,1
App.css,#082d21,text,#0d1a3a,1
App.css,#083d35,text,#0d1a3a,1
App.css,#09110d,bg,#0f1e50,2
App.css,#091410,bg,#0f1e50,1
App.css,#091b11,border,#274086,1
App.css,#09251b,bg,#0f1e50,1
App.css,#0a100d,bg,#0f1e50,2
App.css,#0a120d,bg,#0f1e50,1
App.css,#0a120e,bg,#0f1e50,1
App.css,#0a1610,bg,#0f1e50,1
App.css,#0a1714,bg,#0f1e50,1
App.css,#0a1d12,border,#274086,1
App.css,#0a231e,border,#274086,1
App.css,#0b1712,bg,#0f1e50,1
App.css,#0b1812,bg,#0f1e50,1
App.css,#0b2318,border,#274086,1
App.css,#0b2a20,bg,#0f1e50,1
App.css,#0b3c2d,bg,#1749d6,1
App.css,#0b3d2b,bg,#1749d6,1
App.css,#0b4d3b,any,#1749d6,1
App.css,#0b4d3b,bg,#1749d6,1
App.css,#0b4d3b,border,#274086,1
App.css,#0b4d3b,text,#0d1a3a,3
App.css,#0b5a45,bg,#1749d6,1
App.css,#0c120f,bg,#0f1e50,1
App.css,#0c1410,bg,#0f1e50,1
App.css,#0c1913,bg,#0f1e50,1
App.css,#0c2018,bg,#0f1e50,1
App.css,#0c2d24,bg,#0f1e50,1
App.css,#0c382b,bg,#1749d6,1
App.css,#0c5949,any,#1749d6,1
App.css,#0c704d,bg,#1f5af6,1
App.css,#0d1110,bg,#0f1e50,1
App.css,#0d1712,bg,#0f1e50,3
App.css,#0d1c14,bg,#0f1e50,1
App.css,#0d1f16,bg,#0f1e50,1
App.css,#0d1f16,border,#274086,1
App.css,#0d281f,bg,#0f1e50,1
App.css,#0d2b1f,border,#274086,1
App.css,#0d3025,bg,#0f1e50,1
App.css,#0d3327,bg,#1749d6,1
App.css,#0d4d43,border,#274086,1
App.css,#0d4f3c,any,#1749d6,1
App.css,#0d4f3c,border,#274086,1
App.css,#0e1412,bg,#0f1e50,1
App.css,#0e1814,bg,#0f1e50,1
App.css,#0e1913,bg,#0f1e50,2
App.css,#0e1914,bg,#0f1e50,1
App.css,#0e2016,bg,#0f1e50,1
App.css,#0e3427,bg,#1749d6,1
App.css,#0f140e,bg,#0f1e50,1
App.css,#0f1914,bg,#0f1e50,2
App.css,#0f1c16,bg,#0f1e50,1
App.css,#0f1d15,bg,#0f1e50,1
App.css,#0f2c1f,bg,#0f1e50,1
App.css,#0f2e1f,any,#0f1e50,1
App.css,#0f3020,border,#274086,1
App.css,#0f513f,any,#1749d6,4
App.css,#0f513f,bg,#1749d6,6
App.css,#0f513f,border,#274086,8
App.css,#0f513f,text,#0d1a3a,16
App.css,#0f5d4c,border,#274086,1
App.css,#0f5d4c,text,#22304f,1
App.css,#101413,bg,#0f1e50,1
App.css,#101c16,bg,#0f1e50,1
App.css,#10251b,bg,#0f1e50,1
App.css,#10251b,text,#0d1a3a,1
App.css,#102d25,bg,#0f1e50,1
App.css,#102f25,bg,#1749d6,1
App.css,#102f26,bg,#1749d6,1
App.css,#103428,bg,#1749d6,3
App.css,#103a2b,border,#274086,1
App.css,#103a2d,bg,#1749d6,1
App.css,#103c2e,bg,#1749d6,1
App.css,#103f32,bg,#1749d6,1
App.css,#104d3e,text,#0d1a3a,1
App.css,#105244,bg,#1749d6,1
App.css,#111b15,bg,#0f1e50,1
App.css,#111d17,bg,#0f1e50,1
App.css,#111f18,bg,#0f1e50,1
App.css,#112d1e,border,#274086,1
App.css,#113422,border,#274086,2
App.css,#113523,border,#274086,1
App.css,#113930,border,#274086,1
App.css,#113a2a,bg,#1749d6,1
App.css,#113a2b,bg,#1749d6,1
App.css,#113e32,border,#274086,1
App.css,#114b3b,border,#274086,1
App.css,#121915,bg,#0f1e50,1
App.css,#121a16,bg,#0f1e50,1
App.css,#121b15,bg,#0f1e50,1
App.css,#121b18,bg,#0f1e50,2
App.css,#121f19,bg,#0f1e50,1
App.css,#122219,border,#274086,1
App.css,#12231a,border,#274086,1
App.css,#12251c,bg,#0f1e50,2
App.css,#12251c,text,#0d1a3a,1
App.css,#12261c,border,#274086,1
App.css,#122a1d,border,#274086,1
App.css,#122c1f,border,#274086,1
App.css,#122e25,bg,#1749d6,1
App.css,#122f26,bg,#1749d6,1
App.css,#123028,bg,#1749d6,1
App.css,#123121,border,#274086,1
App.css,#123326,bg,#1749d6,1
App.css,#123a2d,bg,#1749d6,1
App.css,#123c2e,text,#0d1a3a,1
App.css,#123d2c,border,#274086,1
App.css,#123d32,text,#0d1a3a,2
App.css,#123f32,text,#0d1a3a,1
App.css,#123f35,text,#0d1a3a,1
App.css,#131412,bg,#0f1e50,1
App.css,#131a15,bg,#0f1e50,1
App.css,#132a21,bg,#0f1e50,1
App.css,#13402c,border,#274086,1
App.css,#141614,bg,#0f1e50,1
App.css,#141615,bg,#0f1e50,1
App.css,#141816,bg,#0f1e50,1
App.css,#141c17,bg,#0f1e50,1
App.css,#14201b,text,#0d1a3a,1
App.css,#14211c,bg,#0f1e50,1
App.css,#14221c,bg,#0f1e50,1
App.css,#14221c,border,#274086,1
App.css,#14231b,text,#0d1a3a,1
App.css,#14231c,bg,#0f1e50,1
App.css,#14231d,border,#274086,1
App.css,#14261d,text,#0d1a3a,1
App.css,#142a1f,border,#274086,2
App.css,#142d20,border,#274086,2
App.css,#143022,border,#274086,1
App.css,#143224,bg,#1749d6,1
App.css,#143228,border,#274086,1
App.css,#143322,border,#274086,1
App.css,#14342f,any,#1749d6,1
App.css,#143c2b,border,#274086,1
App.css,#143c2d,bg,#1749d6,1
App.css,#143d2d,border,#274086,1
App.css,#143d2e,bg,#1749d6,1
App.css,#143d2f,bg,#1749d6,1
App.css,#143e30,bg,#1749d6,1
App.css,#143e31,border,#274086,1
App.css,#144838,border,#274086,1
App.css,#144a39,border,#274086,1
App.css,#14513d,bg,#1749d6,1
App.css,#145c43,bg,#1f5af6,2
App.css,#145c43,border,#274086,1
App.css,#146147,bg,#1f5af6,1
App.css,#14634c,any,#1f5af6,1
App.css,#15221b,bg,#0f1e50,1
App.css,#15251c,text,#0d1a3a,1
App.css,#15251d,border,#274086,1
App.css,#15251d,text,#0d1a3a,1
App.css,#15271f,bg,#0f1e50,1
App.css,#153124,text,#0d1a3a,1
App.css,#153225,border,#274086,1
App.css,#15372c,bg,#1749d6,1
App.css,#15382a,text,#0d1a3a,2
App.css,#15382d,text,#0d1a3a,1
App.css,#153b2a,text,#0d1a3a,1
App.css,#153b2f,text,#0d1a3a,2
App.css,#153b32,any,#1749d6,1
App.css,#153b34,text,#0d1a3a,1
App.css,#153e2f,bg,#1749d6,1
App.css,#153e31,text,#0d1a3a,1
App.css,#153e33,text,#0d1a3a,1
App.css,#153f32,border,#274086,1
App.css,#153f32,text,#0d1a3a,2
App.css,#155640,bg,#1f5af6,1
App.css,#155d45,bg,#1f5af6,1
App.css,#161814,bg,#0f1e50,1
App.css,#161816,bg,#0f1e50,1
App.css,#16201c,text,#0d1a3a,1
App.css,#16211b,text,#0d1a3a,1
App.css,#16221d,text,#0d1a3a,1
App.css,#16251d,text,#0d1a3a,1
App.css,#16261e,bg,#0f1e50,2
App.css,#162b20,text,#0d1a3a,1
App.css,#162e23,text,#0d1a3a,1
App.css,#162f27,bg,#1749d6,1
App.css,#163023,border,#274086,1
App.css,#163125,text,#0d1a3a,1
App.css,#163427,text,#0d1a3a,1
App.css,#163626,bg,#1749d6,1
App.css,#16392d,border,#274086,1
App.css,#163c2e,bg,#1749d6,1
App.css,#163e2c,any,#1749d6,1
App.css,#163e2f,bg,#1749d6,1
App.css,#163e32,text,#0d1a3a,1
App.css,#163f2c,bg,#1749d6,1
App.css,#163f31,bg,#1749d6,1
App.css,#164638,text,#0d1a3a,2
App.css,#164b34,text,#0d1a3a,1
App.css,#164b37,border,#274086,1
App.css,#164b39,text,#0d1a3a,1
App.css,#164b3a,border,#274086,1
App.css,#164c3a,bg,#1749d6,1
App.css,#164c3a,border,#274086,1
App.css,#164c3b,border,#274086,8
App.css,#166047,bg,#1f5af6,2
App.css,#17221e,text,#0d1a3a,1
App.css,#17231e,border,#274086,1
App.css,#17231e,text,#0d1a3a,2
App.css,#17251d,text,#0d1a3a,1
App.css,#17251e,text,#0d1a3a,15
App.css,#17251f,bg,#0f1e50,2
App.css,#17261f,bg,#0f1e50,1
App.css,#173025,text,#0d1a3a,1
App.css,#173226,text,#0d1a3a,1
App.css,#173328,text,#0d1a3a,1
App.css,#173424,border,#274086,1
App.css,#173426,text,#0d1a3a,3
App.css,#173528,bg,#1749d6,1
App.css,#173528,text,#0d1a3a,1
App.css,#17372b,text,#0d1a3a,2
App.css,#173828,text,#0d1a3a,1
App.css,#17382a,text,#0d1a3a,2
App.css,#17382c,text,#0d1a3a,3
App.css,#173a31,bg,#1749d6,1
App.css,#173a32,any,#1749d6,1
App.css,#173b2d,bg,#1749d6,1
App.css,#173b2d,text,#0d1a3a,2
App.css,#173c2b,text,#0d1a3a,1
App.css,#173c2c,bg,#1749d6,2
App.css,#173c2c,border,#274086,1
App.css,#173c2c,text,#0d1a3a,4
App.css,#173c2e,text,#0d1a3a,3
App.css,#173c2f,bg,#1749d6,1
App.css,#173c30,text,#0d1a3a,1
App.css,#173d2d,bg,#1749d6,3
App.css,#173d2d,border,#274086,2
App.css,#173d2d,text,#0d1a3a,3
App.css,#173d2e,text,#0d1a3a,2
App.css,#173d2f,bg,#1749d6,1
App.css,#173d30,any,#1749d6,1
App.css,#173d30,bg,#1749d6,20
App.css,#173d30,border,#274086,5
App.css,#173d30,text,#0d1a3a,14
App.css,#173e2b,bg,#1749d6,1
App.css,#173e2b,border,#274086,1
App.css,#173e31,bg,#1749d6,1
App.css,#173e31,text,#0d1a3a,1
App.css,#173e32,text,#0d1a3a,1
App.css,#173f2d,bg,#1749d6,4
App.css,#173f2d,text,#0d1a3a,4
App.css,#173f30,bg,#1749d6,2
App.css,#173f30,border,#274086,1
App.css,#173f31,any,#1749d6,2
App.css,#173f31,bg,#1749d6,3
App.css,#173f32,any,#1749d6,1
App.css,#173f32,bg,#1749d6,6
App.css,#173f32,text,#0d1a3a,1
App.css,#173f33,text,#0d1a3a,5
App.css,#173f34,bg,#1749d6,2
App.css,#173f34,border,#274086,1
App.css,#173f34,text,#0d1a3a,1
App.css,#174936,bg,#1749d6,1
App.css,#174a39,bg,#1749d6,1
App.css,#174b31,border,#274086,1
App.css,#174b39,text,#0d1a3a,1
App.css,#174b3a,text,#0d1a3a,2
App.css,#174b3d,text,#0d1a3a,1
App.css,#174c39,bg,#1749d6,3
App.css,#174c39,border,#274086,3
App.css,#174c39,text,#0d1a3a,1
App.css,#174d40,text,#0d1a3a,1
App.css,#174e3a,bg,#1749d6,6
App.css,#174e3a,border,#274086,5
App.css,#174f3b,bg,#1f5af6,1
App.css,#174f3d,bg,#1f5af6,1
App.css,#174f3d,border,#274086,1
App.css,#17634e,any,#1f5af6,1
App.css,#17644e,text,#22304f,1
App.css,#17664f,bg,#1f5af6,1
App.css,#176d52,bg,#1f5af6,1
App.css,#176d52,text,#22304f,1
App.css,#17795c,bg,#1f5af6,1
App.css,#18231d,text,#0d1a3a,1
App.css,#18231f,border,#274086,1
App.css,#18231f,text,#0d1a3a,3
App.css,#182a21,text,#0d1a3a,1
App.css,#182b21,text,#0d1a3a,2
App.css,#183126,border,#274086,2
App.css,#183126,text,#0d1a3a,1
App.css,#183424,border,#274086,1
App.css,#183527,text,#0d1a3a,1
App.css,#183528,any,#1749d6,1
App.css,#183529,bg,#1749d6,1
App.css,#18352d,text,#0d1a3a,1
App.css,#18382a,text,#0d1a3a,1
App.css,#18392c,text,#0d1a3a,1
App.css,#183b2b,text,#0d1a3a,2
App.css,#183c2b,text,#0d1a3a,1
App.css,#183c2e,bg,#1749d6,1
App.css,#183c2f,text,#0d1a3a,2
App.css,#183d2b,border,#274086,2
App.css,#183d2c,border,#274086,1
App.css,#183d34,any,#1749d6,1
App.css,#183e2d,text,#0d1a3a,1
App.css,#183e30,bg,#1749d6,1
App.css,#183f32,bg,#1749d6,1
App.css,#183f33,text,#0d1a3a,1
App.css,#184333,border,#274086,1
App.css,#184c38,text,#0d1a3a,1
App.css,#184d37,bg,#1749d6,4
App.css,#184d37,border,#274086,2
App.css,#184d37,text,#0d1a3a,3
App.css,#184f3b,bg,#1f5af6,1
App.css,#19221d,bg,#0f1e50,1
App.css,#192d22,border,#274086,1
App.css,#193526,border,#274086,10
App.css,#193726,border,#274086,5
App.css,#193728,any,#1749d6,1
App.css,#19392d,border,#274086,1
App.css,#193c2f,text,#0d1a3a,1
App.css,#193d2b,border,#274086,1
App.css,#193d2c,text,#0d1a3a,1
App.css,#193e2f,border,#274086,1
App.css,#193f2e,text,#0d1a3a,1
App.css,#193f31,bg,#1749d6,1
App.css,#193f31,border,#274086,2
App.css,#194536,border,#274086,1
App.css,#194c42,text,#0d1a3a,1
App.css,#194f35,bg,#1f5af6,1
App.css,#19523d,bg,#1f5af6,1
App.css,#19543e,bg,#1f5af6,1
App.css,#1a2f23,border,#274086,1
App.css,#1a3526,border,#274086,3
App.css,#1a3929,border,#274086,1
App.css,#1a3b2e,border,#274086,1
App.css,#1a4e36,bg,#1f5af6,1
App.css,#1b2822,text,#0d1a3a,1
App.css,#1b3025,text,#0d1a3a,1
App.css,#1b3326,text,#0d1a3a,1
App.css,#1b3327,text,#0d1a3a,4
App.css,#1b3728,border,#274086,1
App.css,#1b382c,bg,#1749d6,1
App.css,#1b3d2e,bg,#1749d6,1
App.css,#1b402c,border,#274086,1
App.css,#1b432d,border,#274086,1
App.css,#1b513a,bg,#1f5af6,1
App.css,#1b5a42,text,#22304f,1
App.css,#1b5b41,text,#22304f,1
App.css,#1b5b44,bg,#1f5af6,1
App.css,#1b5d45,bg,#1f5af6,1
App.css,#1b654a,bg,#1f5af6,1
App.css,#1b674c,bg,#1f5af6,1
App.css,#1b684c,bg,#1f5af6,1
App.css,#1c2923,text,#0d1a3a,1
App.css,#1c2c23,text,#0d1a3a,1
App.css,#1c3025,text,#0d1a3a,1
App.css,#1c3026,border,#274086,2
App.css,#1c3227,text,#0d1a3a,1
App.css,#1c3327,text,#0d1a3a,1
App.css,#1c3328,bg,#1749d6,1
App.css,#1c3427,border,#274086,1
App.css,#1c392a,border,#274086,1
App.css,#1c3b2f,border,#274086,1
App.css,#1c3c2a,border,#274086,1
App.css,#1c3d2d,text,#0d1a3a,1
App.css,#1c3e2f,bg,#1749d6,1
App.css,#1c402c,border,#274086,1
App.css,#1c412d,border,#274086,2
App.css,#1c4632,border,#274086,1
App.css,#1c5a43,text,#22304f,1
App.css,#1c5b44,bg,#1f5af6,1
App.css,#1c5b47,bg,#1f5af6,1
App.css,#1c5e44,text,#22304f,1
App.css,#1c604c,bg,#1f5af6,1
App.css,#1c6b4f,bg,#1f5af6,1
App.css,#1d2a25,text,#0d1a3a,1
App.css,#1d2d24,text,#0d1a3a,1
App.css,#1d3026,text,#0d1a3a,3
App.css,#1d3528,text,#0d1a3a,1
App.css,#1d372a,border,#274086,1
App.css,#1d382a,text,#0d1a3a,1
App.css,#1d392f,border,#274086,2
App.css,#1d3f31,bg,#1749d6,1
App.css,#1d4a43,bg,#1f5af6,3
App.css,#1d4c3a,border,#274086,4
App.css,#1d563d,any,#1f5af6,1
App.css,#1d5a3e,bg,#1f5af6,2
App.css,#1d5a3e,border,#274086,1
App.css,#1d5a4c,bg,#1f5af6,1
App.css,#1d5a4c,text,#22304f,1
App.css,#1d5b44,bg,#1f5af6,1
App.css,#1d5c49,bg,#1f5af6,1
App.css,#1d654b,bg,#1f5af6,1
App.css,#1e2b25,text,#0d1a3a,1
App.css,#1e2c24,text,#0d1a3a,1
App.css,#1e2d25,text,#0d1a3a,1
App.css,#1e3026,text,#0d1a3a,3
App.css,#1e3027,bg,#1749d6,1
App.css,#1e372a,border,#274086,2
App.css,#1e392e,text,#0d1a3a,1
App.css,#1e3a2c,text,#0d1a3a,1
App.css,#1e3c30,border,#274086,2
App.css,#1e3d31,border,#274086,2
App.css,#1e3f2e,text,#0d1a3a,1
App.css,#1e4630,border,#274086,1
App.css,#1e5a3f,bg,#1f5af6,1
App.css,#1e5a3f,text,#22304f,1
App.css,#1e634b,bg,#1f5af6,1
App.css,#1e6545,bg,#1f5af6,1
App.css,#1f2c24,text,#0d1a3a,1
App.css,#1f2d25,text,#0d1a3a,1
App.css,#1f3027,text,#0d1a3a,6
App.css,#1f3228,border,#274086,1
App.css,#1f3528,text,#0d1a3a,3
App.css,#1f3529,text,#0d1a3a,1
App.css,#1f3a2b,border,#274086,1
App.css,#1f3c2c,border,#274086,3
App.css,#1f4630,border,#274086,1
App.css,#1f4639,text,#0d1a3a,1
App.css,#1f4936,border,#274086,1
App.css,#1f4d34,border,#274086,6
App.css,#1f4f3a,bg,#1f5af6,1
App.css,#1f5a3f,bg,#1f5af6,1
App.css,#1f5a3f,border,#274086,1
App.css,#1f6247,text,#22304f,1
App.css,#1f674e,bg,#1f5af6,2
App.css,#1f6a46,bg,#1f5af6,1
App.css,#202923,bg,#1749d6,1
App.css,#202923,border,#274086,1
App.css,#203128,text,#0d1a3a,5
App.css,#203229,text,#0d1a3a,1
App.css,#20322b,text,#0d1a3a,1
App.css,#20342a,border,#274086,1
App.css,#20342a,text,#0d1a3a,1
App.css,#20362a,border,#274086,1
App.css,#20362b,text,#0d1a3a,1
App.css,#20372b,text,#0d1a3a,2
App.css,#20372e,text,#0d1a3a,1
App.css,#203a2e,text,#0d1a3a,3
App.css,#203b2c,text,#0d1a3a,1
App.css,#203d2e,text,#0d1a3a,1
App.css,#203e2d,border,#274086,1
App.css,#203f30,text,#0d1a3a,1
App.css,#203f32,text,#0d1a3a,2
App.css,#20422d,border,#274086,1
App.css,#204a3e,text,#22304f,1
App.css,#204d39,bg,#1f5af6,1
App.css,#205a3a,border,#274086,1
App.css,#205c38,text,#22304f,1
App.css,#205f39,text,#22304f,1
App.css,#21362c,text,#0d1a3a,1
App.css,#21362d,text,#0d1a3a,1
App.css,#21382b,text,#0d1a3a,1
App.css,#21382d,text,#0d1a3a,1
App.css,#213b2e,text,#0d1a3a,1
App.css,#213e32,bg,#1749d6,1
App.css,#214034,border,#274086,1
App.css,#214332,text,#0d1a3a,1
App.css,#21483b,text,#22304f,1
App.css,#214a37,text,#22304f,1
App.css,#214c37,bg,#1f5af6,1
App.css,#214c38,bg,#1f5af6,1
App.css,#214d39,bg,#1f5af6,3
App.css,#214d39,text,#22304f,2
App.css,#214f39,any,#1f5af6,1
App.css,#214f39,bg,#1f5af6,1
App.css,#214f39,border,#274086,1
App.css,#214f3b,bg,#1f5af6,1
App.css,#21533f,text,#22304f,1
App.css,#223129,text,#0d1a3a,1
App.css,#223329,text,#0d1a3a,1
App.css,#22332a,text,#0d1a3a,1
App.css,#22342a,border,#274086,1
App.css,#22342b,text,#0d1a3a,1
App.css,#22352b,text,#0d1a3a,2
App.css,#22362b,text,#0d1a3a,1
App.css,#224a34,border,#274086,1
App.css,#224c37,border,#274086,1
App.css,#224c38,text,#22304f,1
App.css,#22603a,text,#22304f,3
App.css,#22613b,text,#22304f,1
App.css,#23362b,text,#0d1a3a,1
App.css,#233e2f,text,#0d1a3a,4
App.css,#233e32,text,#0d1a3a,1
App.css,#233f33,bg,#1749d6,1
App.css,#234133,text,#0d1a3a,1
App.css,#234330,border,#274086,1
App.css,#234438,text,#22304f,1
App.css,#234633,border,#274086,1
App.css,#234836,text,#22304f,2
App.css,#23483f,text,#22304f,1
App.css,#234a38,text,#22304f,1
App.css,#234c37,text,#22304f,1
App.css,#234c3e,text,#22304f,1
App.css,#235848,bg,#1f5af6,1
App.css,#235d39,text,#22304f,1
App.css,#236348,text,#22304f,1
App.css,#23664d,bg,#1f5af6,1
App.css,#236d41,bg,#1f5af6,2
App.css,#23724b,text,#22304f,1
App.css,#243329,text,#0d1a3a,1
App.css,#24342f,text,#0d1a3a,1
App.css,#24352b,text,#0d1a3a,4
App.css,#24372c,text,#0d1a3a,1
App.css,#24392d,text,#0d1a3a,1
App.css,#243b2f,text,#0d1a3a,2
App.css,#243c30,bg,#1749d6,1
App.css,#243d32,text,#0d1a3a,1
App.css,#244233,text,#22304f,1
App.css,#244638,bg,#1f5af6,1
App.css,#244737,text,#22304f,1
App.css,#244739,bg,#1f5af6,1
App.css,#244832,border,#274086,1
App.css,#244839,text,#22304f,1
App.css,#244936,text,#22304f,1
App.css,#244a37,text,#22304f,1
App.css,#244b37,text,#22304f,1
App.css,#244c38,text,#22304f,2
App.css,#244c39,bg,#1f5af6,2
App.css,#244c39,border,#274086,1
App.css,#244d39,text,#22304f,1
App.css,#244d40,text,#22304f,3
App.css,#244e3a,text,#22304f,2
App.css,#244f3a,bg,#1f5af6,6
App.css,#244f3a,text,#22304f,3
App.css,#244f3d,bg,#1f5af6,1
App.css,#244f40,bg,#1f5af6,2
App.css,#24503a,bg,#1f5af6,1
App.css,#24533d,bg,#1f5af6,1
App.css,#24533d,border,#274086,2
App.css,#24533d,text,#22304f,1
App.css,#24533e,text,#22304f,2
App.css,#24543c,text,#22304f,1
App.css,#24543f,bg,#1f5af6,1
App.css,#24553d,bg,#1f5af6,3
App.css,#24553d,border,#274086,1
App.css,#24553d,text,#22304f,1
App.css,#245a43,text,#22304f,1
App.css,#245b3d,border,#274086,1
App.css,#245b42,text,#22304f,1
App.css,#245b46,bg,#1f5af6,1
App.css,#245d3e,text,#22304f,1
App.css,#245d43,bg,#1f5af6,1
App.css,#24603f,text,#22304f,1
App.css,#24613d,text,#22304f,1
App.css,#24613f,text,#22304f,1
App.css,#24664e,bg,#1f5af6,1
App.css,#24704a,text,#22304f,2
App.css,#24745a,bg,#1f5af6,1
App.css,#25342c,text,#0d1a3a,1
App.css,#25362c,text,#0d1a3a,3
App.css,#25382d,text,#0d1a3a,1
App.css,#253c30,text,#0d1a3a,2
App.css,#253e30,border,#274086,1
App.css,#254a35,bg,#1f5af6,1
App.css,#254b38,text,#22304f,2
App.css,#25643c,text,#22304f,1
App.css,#257147,text,#22304f,1
App.css,#26332d,text,#0d1a3a,1
App.css,#26342d,text,#0d1a3a,1
App.css,#26352c,text,#0d1a3a,3
App.css,#26362c,border,#274086,2
App.css,#26362c,text,#0d1a3a,12
App.css,#26362d,text,#0d1a3a,1
App.css,#26372d,bg,#1749d6,1
App.css,#26372d,text,#0d1a3a,8
App.css,#26372e,text,#0d1a3a,2
App.css,#26382e,text,#0d1a3a,2
App.css,#26392f,text,#0d1a3a,2
App.css,#263a2f,text,#0d1a3a,2
App.css,#263a30,text,#0d1a3a,1
App.css,#263b2d,text,#0d1a3a,1
App.css,#263b30,text,#0d1a3a,2
App.css,#263d31,bg,#1749d6,3
App.css,#263d31,text,#0d1a3a,2
App.css,#263d32,text,#0d1a3a,3
App.css,#263f36,bg,#1749d6,1
App.css,#264f3b,text,#22304f,1
App.css,#267047,text,#22304f,1
App.css,#273227,border,#274086,1
App.css,#27372e,text,#0d1a3a,1
App.css,#273a30,text,#0d1a3a,1
App.css,#273c31,text,#0d1a3a,1
App.css,#274237,text,#22304f,1
App.css,#274633,border,#274086,1
App.css,#274738,text,#22304f,1
App.css,#274838,text,#22304f,1
App.css,#274937,text,#22304f,1
App.css,#274a3b,text,#22304f,1
App.css,#274b3b,text,#22304f,2
App.css,#274c40,text,#22304f,1
App.css,#274d3b,bg,#1f5af6,2
App.css,#275b42,text,#22304f,4
App.css,#28352e,text,#0d1a3a,1
App.css,#283b31,text,#0d1a3a,1
App.css,#283c31,text,#0d1a3a,1
App.css,#284a38,text,#22304f,1
App.css,#284c39,bg,#1f5af6,2
App.css,#284c39,border,#274086,2
App.css,#28513f,bg,#1f5af6,1
App.css,#28523d,text,#22304f,1
App.css,#28533e,bg,#1f5af6,1
App.css,#28563f,text,#22304f,2
App.css,#285943,bg,#1f5af6,1
App.css,#285943,text,#22304f,1
App.css,#285946,bg,#1f5af6,1
App.css,#285a46,text,#22304f,1
App.css,#285b43,bg,#1f5af6,1
App.css,#285b45,bg,#1f5af6,2
App.css,#285b45,border,#274086,1
App.css,#285b45,text,#22304f,5
App.css,#285d43,bg,#1f5af6,1
App.css,#285e44,text,#22304f,1
App.css,#285f43,bg,#1f5af6,4
App.css,#285f43,border,#274086,4
App.css,#285f43,text,#22304f,2
App.css,#285f49,bg,#1f5af6,1
App.css,#286044,text,#22304f,2
App.css,#286048,bg,#1f5af6,1
App.css,#28613f,text,#22304f,1
App.css,#28623e,text,#22304f,1
App.css,#286443,text,#22304f,1
App.css,#286746,text,#22304f,8
App.css,#287047,text,#22304f,1
App.css,#28715b,text,#485470,1
App.css,#29382f,text,#0d1a3a,2
App.css,#294034,text,#22304f,2
App.css,#294136,text,#22304f,1
App.css,#294638,text,#22304f,2
App.css,#294737,text,#22304f,1
App.css,#294738,text,#22304f,2
App.css,#294838,text,#22304f,2
App.css,#29483d,text,#22304f,1
App.css,#294939,text,#22304f,1
App.css,#294a3e,text,#22304f,1
App.css,#294b3c,text,#22304f,1
App.css,#294c3a,bg,#1f5af6,2
App.css,#294d38,bg,#1f5af6,1
App.css,#294d3c,bg,#1f5af6,1
App.css,#294d3c,text,#22304f,7
App.css,#294d41,text,#22304f,1
App.css,#2a3931,text,#0d1a3a,1
App.css,#2a3a2f,border,#274086,1
App.css,#2a3a31,text,#0d1a3a,1
App.css,#2a3b31,text,#0d1a3a,1
App.css,#2a4133,border,#274086,2
App.css,#2a4235,text,#22304f,1
App.css,#2a4f41,border,#274086,1
App.css,#2a5843,bg,#1f5af6,1
App.css,#2a5a41,text,#22304f,1
App.css,#2a5b45,any,#1f5af6,1
App.css,#2a654a,text,#22304f,1
App.css,#2b362b,border,#274086,1
App.css,#2b3b30,border,#274086,1
App.css,#2b3f34,text,#22304f,1
App.css,#2b4034,text,#22304f,1
App.css,#2b4136,text,#22304f,1
App.css,#2b4435,border,#274086,1
App.css,#2b4436,text,#22304f,1
App.css,#2b533f,text,#22304f,1
App.css,#2b5e47,bg,#1f5af6,1
App.css,#2b6046,text,#22304f,1
App.css,#2b6147,text,#22304f,1
App.css,#2b6547,text,#22304f,1
App.css,#2b6549,bg,#1f5af6,1
App.css,#2b6849,text,#22304f,1
App.css,#2c352f,text,#0d1a3a,2
App.css,#2c3b32,text,#22304f,1
App.css,#2c4035,text,#22304f,1
App.css,#2c4237,text,#22304f,1
App.css,#2c493c,text,#22304f,1
App.css,#2c523d,border,#274086,2
App.css,#2c654a,bg,#1f5af6,1
App.css,#2c6748,border,#274086,2
App.css,#2c6a49,text,#22304f,1
App.css,#2d3c31,border,#274086,1
App.css,#2d4035,text,#22304f,1
App.css,#2d503c,text,#22304f,1
App.css,#2d5141,text,#22304f,1
App.css,#2d5749,text,#22304f,1
App.css,#2d5943,text,#22304f,1
App.css,#2d5a3f,text,#22304f,1
App.css,#2d6048,bg,#1f5af6,1
App.css,#2d6247,text,#22304f,1
App.css,#2d634c,text,#22304f,1
App.css,#2d6548,bg,#1f5af6,1
App.css,#2d6641,text,#22304f,1
App.css,#2d6749,any,#1f5af6,1
App.css,#2d6847,text,#22304f,1
App.css,#2d6849,text,#22304f,1
App.css,#2d684b,border,#274086,2
App.css,#2d6a43,bg,#1f5af6,1
App.css,#2d6a49,text,#22304f,1
App.css,#2d7548,bg,#193a89,1
App.css,#2d7c4b,text,#485470,1
App.css,#2e513d,text,#22304f,2
App.css,#2e6149,bg,#1f5af6,1
App.css,#2e6149,border,#274086,1
App.css,#2e6a43,text,#22304f,1
App.css,#2e704d,bg,#1a3a84,1
App.css,#2e7655,bg,#193b8b,1
App.css,#2e7d4e,text,#485470,1
App.css,#2f4c3e,text,#22304f,2
App.css,#2f503d,text,#22304f,1
App.css,#2f5648,text,#22304f,1
App.css,#2f6149,bg,#1f5af6,1
App.css,#2f624a,bg,#1f5af6,4
App.css,#2f684b,text,#22304f,1
App.css,#2f694a,bg,#1f5af6,1
App.css,#2f694a,border,#274086,1
App.css,#2f6b49,text,#485470,2
App.css,#2f6f4d,text,#485470,1
App.css,#2f7452,bg,#1b3c88,1
App.css,#2f7650,bg,#1a3c8b,1
App.css,#2f7650,text,#485470,1
App.css,#2f8b58,bg,#1841a2,1
App.css,#2f8b58,border,#1841a2,1
App.css,#2f8b69,bg,#1841a2,1
App.css,#303e32,border,#274086,1
App.css,#304532,text,#22304f,1
App.css,#30483d,text,#22304f,1
App.css,#304e3e,text,#22304f,1
App.css,#305241,text,#22304f,1
App.css,#306649,border,#274086,1
App.css,#31402d,text,#22304f,1
App.css,#31443a,text,#22304f,1
App.css,#314b3f,bg,#1f5af6,1
App.css,#31513f,text,#22304f,1
App.css,#315147,text,#22304f,1
App.css,#315248,text,#22304f,1
App.css,#31533f,text,#22304f,1
App.css,#315740,text,#22304f,1
App.css,#315841,bg,#1f5af6,1
App.css,#315844,bg,#1f5af6,2
App.css,#315844,text,#22304f,1
App.css,#315943,bg,#1f5af6,43
App.css,#315943,border,#274086,13
App.css,#315943,text,#22304f,89
App.css,#31594b,text,#22304f,1
App.css,#315a45,text,#22304f,2
App.css,#315b45,text,#22304f,1
App.css,#315b47,bg,#1f5af6,39
App.css,#315b47,border,#274086,9
App.css,#315b47,text,#22304f,160
App.css,#315b4b,text,#22304f,1
App.css,#315c47,text,#22304f,1
App.css,#315e44,bg,#1f5af6,1
App.css,#315e44,border,#274086,1
App.css,#315f44,text,#22304f,1
App.css,#315f49,bg,#1f5af6,29
App.css,#315f49,border,#274086,9
App.css,#315f49,text,#22304f,21
App.css,#31916e,bg,#1944a9,1
App.css,#32483b,text,#22304f,1
App.css,#324a3d,text,#22304f,1
App.css,#325b49,bg,#1f5af6,1
App.css,#33443b,text,#22304f,2
App.css,#33463a,text,#22304f,1
App.css,#334a3c,text,#22304f,1
App.css,#334b40,text,#22304f,1
App.css,#334c40,text,#22304f,2
App.css,#336d4d,border,#1f3c81,1
App.css,#34453b,text,#22304f,1
App.css,#34463c,text,#22304f,2
App.css,#34473c,text,#22304f,1
App.css,#34483c,text,#22304f,1
App.css,#34483e,text,#22304f,2
App.css,#344b3e,text,#22304f,2
App.css,#344b3f,text,#22304f,1
App.css,#345040,text,#22304f,1
App.css,#345246,text,#22304f,1
App.css,#345344,text,#22304f,1
App.css,#35463c,text,#22304f,1
App.css,#354b3f,text,#22304f,1
App.css,#355149,text,#22304f,1
App.css,#355343,bg,#1f5af6,1
App.css,#355343,border,#274086,1
App.css,#355343,text,#22304f,1
App.css,#355544,text,#22304f,1
App.css,#35584b,text,#22304f,1
App.css,#35594e,text,#22304f,1
App.css,#355b46,text,#22304f,1
App.css,#355f49,bg,#1f5af6,1
App.css,#35604c,text,#22304f,1
App.css,#356247,text,#22304f,1
App.css,#35634b,text,#22304f,1
App.css,#365246,text,#22304f,1
App.css,#365342,bg,#1f5af6,6
App.css,#365342,border,#274086,2
App.css,#365342,text,#22304f,2
App.css,#365443,text,#22304f,1
App.css,#365449,text,#22304f,2
App.css,#365546,text,#22304f,1
App.css,#365647,text,#22304f,1
App.css,#365744,text,#22304f,1
App.css,#365947,bg,#1f5af6,5
App.css,#365947,border,#274086,2
App.css,#365947,text,#22304f,10
App.css,#365b45,text,#22304f,1
App.css,#365c36,bg,#1f5af6,1
App.css,#367550,bg,#21408a,1
App.css,#37674e,bg,#233d7b,1
App.css,#376a54,bg,#233e7e,2
App.css,#376b53,text,#485470,1
App.css,#376e55,bg,#223f83,1
App.css,#385043,text,#22304f,1
App.css,#385747,text,#22304f,1
App.css,#38584d,text,#22304f,1
App.css,#385a4e,text,#22304f,1
App.css,#385b50,text,#22304f,1
App.css,#385f4d,bg,#1f5af6,1
App.css,#38602f,text,#22304f,1
App.css,#386a53,bg,#243f7e,1
App.css,#394d42,text,#22304f,1
App.css,#397655,bg,#23438c,1
App.css,#397655,text,#485470,1
App.css,#397a60,bg,#234490,1
App.css,#3a7058,bg,#254285,1
App.css,#3b4d43,bg,#1f5af6,1
App.css,#3b5146,text,#22304f,1
App.css,#3b5547,text,#22304f,1
App.css,#3b5e4c,text,#485470,1
App.css,#3c493f,text,#22304f,2
App.css,#3c5548,text,#22304f,1
App.css,#3c5b50,text,#22304f,1
App.css,#3c6c54,bg,#274281,1
App.css,#3d4842,bg,#1f5af6,1
App.css,#3d4a44,text,#22304f,2
App.css,#3d5447,text,#22304f,1
App.css,#3d5d52,text,#49546f,1
App.css,#3d7659,bg,#27458c,1
App.css,#3e4a31,border,#274086,1
App.css,#3e5b4b,text,#4a556d,1
App.css,#3e6550,text,#485470,1
App.css,#3e7655,bg,#28468c,1
App.css,#3f5148,text,#22304f,1
App.css,#3f5f53,text,#49546e,1
App.css,#3f6a54,bg,#2a437f,1
App.css,#3f6b55,bg,#2a4480,1
App.css,#3f7358,any,#294689,1
App.css,#3f765b,bg,#28468d,1
App.css,#3f8a60,bg,#264ba3,1
App.css,#405048,text,#22304f,1
App.css,#405148,text,#22304f,1
App.css,#405248,text,#22304f,1
App.css,#40564b,text,#22304f,1
App.css,#40574a,text,#22304f,1
App.css,#405a49,bg,#2d406d,2
App.css,#415b4d,text,#4c566b,1
App.css,#416151,text,#4a556e,1
App.css,#416157,text,#4a556e,1
App.css,#416257,text,#49546e,1
App.css,#416651,text,#485470,1
App.css,#416b57,bg,#2c4580,1
App.css,#42584d,text,#4f5769,1
App.css,#42594d,text,#4e5669,1
App.css,#425d53,text,#4c566b,1
App.css,#42665b,text,#48546f,1
App.css,#426954,bg,#2d457e,1
App.css,#43534a,text,#22304f,1
App.css,#43594d,text,#4f5769,1
App.css,#437458,text,#485470,1
App.css,#446e59,bg,#2e4884,1
App.css,#45524b,bg,#1f5af6,1
App.css,#45554c,text,#525865,1
App.css,#455b50,text,#4f5768,1
App.css,#456152,text,#4c566b,1
App.css,#456358,text,#4b556c,1
App.css,#45654d,bg,#30467a,1
App.css,#456c58,bg,#2f4882,1
App.css,#46584e,text,#515866,1
App.css,#466158,text,#4d566b,1
App.css,#466353,text,#4c556c,1
App.css,#46645a,text,#4c556c,1
App.css,#46725e,bg,#2f4a89,1
App.css,#47584f,text,#525866,1
App.css,#476259,text,#4d566a,1
App.css,#476553,text,#4c556c,1
App.css,#476854,text,#4a556d,1
App.css,#47725d,bg,#304b89,1
App.css,#477a68,bg,#2f4d92,1
App.css,#486052,text,#4f5769,1
App.css,#486151,text,#4e5669,1
App.css,#48725c,text,#495571,1
App.css,#495336,border,#274086,1
App.css,#496052,text,#4f5768,1
App.css,#496157,text,#4f5769,1
App.css,#49623c,text,#485470,2
App.css,#496257,text,#4e5669,1
App.css,#4a6d57,bg,#334b84,1
App.css,#4b6658,text,#4e566a,1
App.css,#4b8064,border,#325199,1
App.css,#4c655c,text,#4f5769,1
App.css,#4c7768,bg,#344f8f,1
App.css,#4d5e54,text,#535865,1
App.css,#4d695e,text,#4e566a,1
App.css,#4d725f,bg,#354f8a,1
App.css,#4e665a,text,#505768,1
App.css,#4e685f,text,#4f5769,1
App.css,#4e694e,any,#374d80,1
App.css,#4f5d54,text,#545963,1
App.css,#506157,text,#535865,1
App.css,#506158,text,#535865,1
App.css,#50665f,text,#515767,1
App.css,#50675f,text,#505767,1
App.css,#526047,text,#4e566a,1
App.css,#526158,text,#545963,3
App.css,#526159,text,#545963,2
App.css,#526259,text,#545964,1
App.css,#526457,text,#535865,1
App.css,#52645a,text,#535865,2
App.css,#52655a,text,#525865,1
App.css,#52665a,text,#525866,2
App.css,#52665b,text,#525866,2
App.css,#52675e,text,#525867,1
App.css,#52695f,text,#525969,1
App.css,#526a61,text,#52596a,2
App.css,#526d63,text,#525a6d,1
App.css,#52705f,bg,#3a5188,1
App.css,#52705f,text,#525b70,3
App.css,#527060,text,#525b70,2
App.css,#527467,text,#525c74,2
App.css,#536058,text,#555962,2
App.css,#53645b,text,#535864,1
App.css,#53695c,text,#535a69,1
App.css,#53785e,border,#3a5491,1
App.css,#54645b,text,#545964,1
App.css,#54665c,text,#545966,1
App.css,#54675c,text,#545a67,1
App.css,#54685c,text,#545a68,1
App.css,#546959,text,#545a69,1
App.css,#547060,text,#545c70,1
App.css,#54715f,text,#545d71,1
App.css,#55625a,text,#555962,1
App.css,#55645c,text,#555a64,1
App.css,#55705b,text,#555d70,1
App.css,#557060,text,#555d70,1
App.css,#557066,text,#555d70,1
App.css,#557764,any,#3b5591,1
App.css,#557a65,bg,#3b5694,1
App.css,#558177,text,#556281,1
App.css,#566258,text,#565a62,1
App.css,#56645b,text,#565a64,1
App.css,#56665d,text,#565b66,1
App.css,#566d63,text,#565d6d,1
App.css,#567064,text,#565e70,1
App.css,#567162,text,#565e71,1
App.css,#57866d,border,#3b5aa2,1
App.css,#586a61,text,#585d6a,1
App.css,#586b60,text,#585e6b,1
App.css,#587265,text,#586072,1
App.css,#59675f,text,#595d67,1
App.css,#596961,text,#595e69,1
App.css,#596b61,text,#595e6b,3
App.css,#5c655f,text,#5c5f65,1
App.css,#5c6b63,text,#5c606b,6
App.css,#5c6c63,text,#5c616c,1
App.css,#5c7169,text,#5c6271,1
App.css,#5d6d64,text,#5d626d,1
App.css,#5d6e65,text,#5d626e,2
App.css,#5d6f63,text,#5d626f,1
App.css,#5d7064,text,#5d6370,1
App.css,#5d7a55,text,#55607a,1
App.css,#5e6c63,text,#5e626c,1
App.css,#5e6d64,text,#5e626d,1
App.css,#5e6d65,text,#5e626d,2
App.css,#5e6d67,text,#5e626d,1
App.css,#5e8a6e,bg,#4160a7,1
App.css,#5f6d65,text,#5f636d,1
App.css,#5f6e64,text,#5f646e,1
App.css,#5f6f66,text,#5f646f,1
App.css,#5f7066,text,#5f6470,1
App.css,#5f7167,text,#5f6471,1
App.css,#607064,text,#606570,2
App.css,#607066,text,#606570,1
App.css,#607068,text,#606570,2
App.css,#607168,text,#606571,1
App.css,#60746a,text,#606674,1
App.css,#60746b,text,#606674,1
App.css,#60746c,text,#606674,1
App.css,#60786a,text,#606778,1
App.css,#617168,text,#616671,2
App.css,#617268,text,#616672,1
App.css,#61756e,text,#616775,1
App.css,#61766d,text,#616776,1
App.css,#627168,text,#626671,1
App.css,#62794f,bg,#365292,1
App.css,#637168,text,#636771,1
App.css,#637169,text,#636771,2
App.css,#63716b,text,#636771,2
App.css,#63766b,text,#636976,1
App.css,#63834e,bg,#34539d,1
App.css,#647063,text,#636770,1
App.css,#647067,text,#646870,1
App.css,#647068,text,#646870,1
App.css,#647169,text,#646871,5
App.css,#647269,text,#646872,3
App.css,#64736a,text,#646873,1
App.css,#64736b,text,#646873,2
App.css,#64746b,text,#646974,1
App.css,#64756c,text,#646975,1
App.css,#647b64,text,#646b7b,1
App.css,#657169,text,#656971,1
App.css,#657269,text,#656972,2
App.css,#65726b,text,#656972,2
App.css,#65736b,text,#656973,4
App.css,#65746b,text,#656a74,1
App.css,#65746c,text,#656a74,3
App.css,#65756d,text,#656a75,1
App.css,#65756f,text,#656a75,1
App.css,#65766b,text,#656a76,1
App.css,#65766f,text,#656a76,1
App.css,#65776d,text,#656a77,1
App.css,#667069,text,#666970,1
App.css,#667169,text,#666971,1
App.css,#66716b,bg,#4b5f8c,1
App.css,#66736b,text,#666a73,1
App.css,#66736c,text,#666a73,1
App.css,#66746c,text,#666a74,1
App.css,#66756c,text,#666a75,2
App.css,#66756d,text,#666a75,7
App.css,#66756f,text,#666a75,1
App.css,#66766c,text,#666b76,1
App.css,#66776d,text,#666b77,2
App.css,#66776e,text,#666b77,2
App.css,#66805a,text,#5a6580,1
App.css,#668272,text,#666e82,1
App.css,#67736b,text,#676b73,1
App.css,#67756c,text,#676b75,1
App.css,#677a70,text,#676d7a,1
App.css,#685638,text,#1f5af6,1
App.css,#68726c,text,#686b72,1
App.css,#68736b,text,#686b73,1
App.css,#68736c,text,#686b73,2
App.css,#68736f,text,#686b73,1
App.css,#68746b,text,#686c74,1
App.css,#68746c,text,#686c74,1
App.css,#687565,text,#656a75,1
App.css,#68756c,text,#686c75,8
App.css,#68756e,text,#686c75,2
App.css,#68766d,text,#686c76,1
App.css,#68766e,text,#686c76,2
App.css,#68776e,text,#686c77,3
App.css,#68776f,text,#686c77,3
App.css,#68786d,text,#686d78,1
App.css,#68786f,text,#686d78,1
App.css,#687970,text,#686d79,3
App.css,#687a70,text,#686d7a,1
App.css,#687a72,text,#686d7a,1
App.css,#687c73,text,#686e7c,1
App.css,#688072,text,#686f80,1
App.css,#69726b,text,#696c72,1
App.css,#69736b,text,#696c73,2
App.css,#69756d,text,#696d75,2
App.css,#69756f,bg,#4d6191,1
App.css,#69766f,text,#696d76,3
App.css,#69776f,any,#4d6293,1
App.css,#69776f,text,#696d77,2
App.css,#69786f,text,#696e78,1
App.css,#698073,text,#697080,1
App.css,#6a7c72,text,#6a6f7c,1
App.css,#6b746f,text,#6b6e74,1
App.css,#6b756f,text,#6b6e75,2
App.css,#6b7c72,text,#6b707c,1
App.css,#6b7e76,text,#6b717e,1
App.css,#6b7f76,text,#6b717f,1
App.css,#6c766f,text,#6c6f76,1
App.css,#6c7a72,text,#6c707a,2
App.css,#6c7e76,text,#6c717e,1
App.css,#6c8278,text,#6c7382,1
App.css,#6d786f,text,#6d7078,1
App.css,#6d7870,text,#6d7078,1
App.css,#6d7a72,text,#6d717a,2
App.css,#6d7a73,text,#6d717a,1
App.css,#6d7b72,text,#6d717b,1
App.css,#6d7c74,text,#6d727c,2
App.css,#6d7d74,text,#6d727d,1
App.css,#6d7f77,text,#6d727f,1
App.css,#6d8a79,text,#6d768a,1
App.css,#6d9880,border,#4e6db7,1
App.css,#6d9b80,border,#4e6eba,2
App.css,#6e7b72,text,#6e727b,1
App.css,#6e7b73,text,#6e727b,1
App.css,#6e7b74,text,#6e727b,2
App.css,#6e7c74,text,#6e727c,2
App.css,#6e7e73,text,#6e737e,1
App.css,#6f7a72,text,#6f727a,1
App.css,#6f7a73,text,#6f727a,2
App.css,#6f7d74,text,#6f737d,1
App.css,#6f7d75,text,#6f737d,4
App.css,#6f7e75,text,#6f737e,2
App.css,#6f7f76,text,#6f747f,1
App.css,#6f806f,text,#6f7480,1
App.css,#6f927d,any,#4f6db2,2
App.css,#6f927d,bg,#4f6db2,3
App.css,#707b73,text,#70737b,1
App.css,#708078,text,#707580,4
App.css,#708178,text,#707581,1
App.css,#70867c,text,#707786,1
App.css,#717b74,text,#71747b,1
App.css,#718077,text,#717680,1
App.css,#718078,text,#717680,92
App.css,#718079,text,#717680,4
App.css,#71827b,text,#717682,1
App.css,#718366,text,#666f83,1
App.css,#71867d,text,#717786,2
App.css,#71917e,bg,#526eb0,1
App.css,#72572d,text,#1f5af6,1
App.css,#725a22,text,#1f5af6,1
App.css,#725d27,text,#1f5af6,1
App.css,#725f38,text,#1f5af6,1
App.css,#728078,text,#727680,10
App.css,#728178,text,#727681,1
App.css,#738077,text,#737780,3
App.css,#738078,text,#737780,6
App.css,#738079,text,#737780,2
App.css,#738179,text,#737781,1
App.css,#73847a,text,#737884,1
App.css,#739984,border,#5572b7,1
App.css,#74582a,text,#1f5af6,1
App.css,#745d25,text,#1f5af6,1
App.css,#748076,text,#747880,1
App.css,#748078,text,#747880,7
App.css,#748079,text,#747880,4
App.css,#748178,text,#747881,2
App.css,#748179,text,#747881,18
App.css,#74817b,text,#747881,1
App.css,#748279,text,#747882,1
App.css,#74827a,text,#747882,1
App.css,#755a24,text,#1f5af6,1
App.css,#75673d,text,#1f5af6,1
App.css,#75806f,text,#6f7480,1
App.css,#758078,text,#757880,1
App.css,#758079,text,#757880,3
App.css,#758178,text,#757981,2
App.css,#758179,text,#757981,2
App.css,#75827b,text,#757982,2
App.css,#75837a,text,#757983,3
App.css,#75837b,text,#757983,3
App.css,#75837d,text,#757983,1
App.css,#75847b,text,#757a84,4
App.css,#75857c,text,#757a85,1
App.css,#76561d,text,#1f5af6,1
App.css,#76571c,text,#1f5af6,1
App.css,#76572e,text,#1f5af6,1
App.css,#765a2c,text,#1f5af6,1
App.css,#765c28,text,#1f5af6,1
App.css,#765c29,text,#1f5af6,1
App.css,#765d28,text,#1f5af6,2
App.css,#768077,text,#767980,1
App.css,#768078,text,#767980,1
App.css,#768079,text,#767980,1
App.css,#76827b,text,#767a82,1
App.css,#76a78d,border,#5a79c3,1
App.css,#775a18,text,#1f5af6,1
App.css,#775d1d,text,#1f5af6,1
App.css,#77806f,text,#6f7480,1
App.css,#77827b,text,#777a82,1
App.css,#77847c,text,#777b84,3
App.css,#77847d,text,#777b84,2
App.css,#77857c,text,#777b85,1
App.css,#77857d,text,#777b85,2
App.css,#779082,text,#777e90,1
App.css,#78857d,text,#787c85,3
App.css,#78857e,text,#787c85,11
App.css,#78857f,text,#787c85,1
App.css,#78867d,text,#787c86,1
App.css,#78867e,text,#787c86,3
App.css,#788981,text,#787d89,2
App.css,#789085,text,#787f90,1
App.css,#789087,text,#787f90,1
App.css,#78916e,bg,#4e6cb1,1
App.css,#79581f,text,#1f5af6,1
App.css,#795e21,text,#1f5af6,1
App.css,#795f2d,text,#1f5af6,1
App.css,#79867e,text,#797d86,2
App.css,#79a982,bg,#5e7cc4,1
App.css,#7a531d,text,#1f5af6,4
App.css,#7a5b16,text,#1f5af6,1
App.css,#7a5d33,text,#1f5af6,1
App.css,#7a857e,text,#7a7d85,2
App.css,#7a857f,text,#7a7d85,1
App.css,#7a866f,text,#6f7686,1
App.css,#7a867f,text,#7a7e86,1
App.css,#7a877f,text,#7a7e87,4
App.css,#7a8780,text,#7a7e87,3
App.css,#7a887f,text,#7a7e88,3
App.css,#7a8880,text,#7a7e88,2
App.css,#7a8981,text,#7a7e89,4
App.css,#7a8982,text,#7a7e89,3
App.css,#7b6337,text,#1f5af6,1
App.css,#7b867f,text,#7b7e86,1
App.css,#7b8680,text,#7b7e86,1
App.css,#7b877f,text,#7b7f87,2
App.css,#7b887f,text,#7b7f88,1
App.css,#7b8880,text,#7b7f88,4
App.css,#7b8881,text,#7b7f88,3
App.css,#7b8980,text,#7b7f89,1
App.css,#7b8981,text,#7b7f89,6
App.css,#7b8982,text,#7b7f89,1
App.css,#7b8c82,text,#7b808c,1
App.css,#7b8d86,text,#7b808d,1
App.css,#7c5b19,text,#1f5af6,1
App.css,#7c8980,text,#7c8089,1
App.css,#7c8981,text,#7c8089,8
App.css,#7c8982,text,#7c8089,2
App.css,#7c8a81,text,#7c808a,1
App.css,#7c8b83,text,#7c808b,1
App.css,#7d5b18,text,#1f5af6,1
App.css,#7d6525,text,#1f5af6,1
App.css,#7d6a39,text,#1f5af6,1
App.css,#7d877f,text,#7d8087,1
App.css,#7d8882,text,#7d8088,1
App.css,#7d8981,text,#7d8189,1
App.css,#7d8982,text,#7d8189,5
App.css,#7d8b84,text,#7d818b,1
App.css,#7d8b85,text,#7d818b,1
App.css,#7d8c85,text,#7d828c,1
App.css,#7d9a84,text,#757e94,1
App.css,#7e5b18,text,#1f5af6,1
App.css,#7e8a83,text,#7e828a,1
App.css,#7e8b83,text,#7e828b,1
App.css,#7e8e87,text,#7d818d,1
App.css,#7f5d18,text,#1f5af6,1
App.css,#7f8a83,text,#7f828a,1
App.css,#7f8b84,text,#7f828b,3
App.css,#7f8e87,text,#7d828c,1
App.css,#805b20,text,#1f5af6,1
App.css,#805d17,text,#1f5af6,1
App.css,#805d25,text,#1f5af6,1
App.css,#805e18,text,#1f5af6,1
App.css,#805f17,text,#1f5af6,1
App.css,#80621d,text,#1f5af6,1
App.css,#80622c,text,#1f5af6,1
App.css,#80651d,text,#1f5af6,1
App.css,#806726,text,#1f5af6,1
App.css,#80672e,bg,#1145d4,1
App.css,#806828,text,#1f5af6,1
App.css,#809087,text,#7c818d,1
App.css,#809b82,bg,#647db7,1
App.css,#81561c,border,#1145d4,1
App.css,#819087,text,#7d828c,2
App.css,#819088,text,#7d828c,1
App.css,#829087,text,#7d828c,7
App.css,#82938c,text,#7c818e,1
App.css,#839087,text,#7e828b,2
App.css,#839088,text,#7e828b,1
App.css,#84631d,text,#1f5af6,1
App.css,#849089,text,#7e828b,1
App.css,#849188,text,#7e828b,1
App.css,#856d3b,text,#1f5af6,1
App.css,#859188,text,#7e828b,1
App.css,#866513,bg,#1145d4,1
App.css,#866d43,text,#1f5af6,1
App.css,#86928a,text,#7e828b,1
App.css,#86928b,text,#7e828b,1
App.css,#87928b,text,#7f828a,1
App.css,#87928c,text,#7f828a,5
App.css,#87938a,text,#7e828b,1
App.css,#87938c,text,#7e828b,6
App.css,#87938e,text,#7e828b,1
App.css,#87948c,text,#7e828c,1
App.css,#87948d,text,#7e828c,1
App.css,#87958d,text,#7d828c,1
App.css,#886525,text,#1f5af6,1
App.css,#887138,text,#1f5af6,1
App.css,#88968e,text,#7d828c,1
App.css,#896621,text,#1f5af6,1
App.css,#896d18,text,#1f5af6,1
App.css,#89948e,text,#7f828b,4
App.css,#89958e,text,#7e828b,2
App.css,#89958f,text,#7e828b,2
App.css,#89968f,text,#7d828c,1
App.css,#8a6428,text,#1f5af6,2
App.css,#8a6a33,text,#1f5af6,1
App.css,#8a6b13,text,#1f5af6,1
App.css,#8a6b25,text,#1f5af6,1
App.css,#8a6b37,text,#1f5af6,1
App.css,#8a948e,text,#7f828a,1
App.css,#8a958e,text,#7f828b,1
App.css,#8a958f,text,#7f828b,7
App.css,#8a968d,text,#7e828b,1
App.css,#8a968f,text,#7e828b,2
App.css,#8a9690,text,#7e828b,1
App.css,#8a978f,text,#7d828c,3
App.css,#8a9790,text,#7d828c,2
App.css,#8a9892,text,#7d818c,1
App.css,#8b611c,text,#1f5af6,1
App.css,#8b632d,text,#1f5af6,1
App.css,#8b6a2d,text,#1f5af6,1
App.css,#8b6b2f,bg,#1145d4,1
App.css,#8b6b37,text,#1f5af6,2
App.css,#8b6d35,text,#1f5af6,1
App.css,#8b7029,text,#1f5af6,1
App.css,#8b712e,text,#1f5af6,1
App.css,#8b7130,bg,#1145d4,1
App.css,#8b958f,text,#7f828a,1
App.css,#8b9690,text,#7f828b,2
App.css,#8b9691,text,#7f828b,1
App.css,#8b978f,text,#7e828b,2
App.css,#8b9790,text,#7e828b,2
App.css,#8b9791,text,#7e828b,1
App.css,#8b9a91,text,#7c818d,1
App.css,#8b9a93,text,#7c818d,1
App.css,#8ba98e,bg,#728ac2,1
App.css,#8c622c,text,#1f5af6,1
App.css,#8c662e,text,#1f5af6,1
App.css,#8c6a27,text,#1f5af6,1
App.css,#8c6a2f,text,#1f5af6,1
App.css,#8c6c34,text,#1f5af6,1
App.css,#8c7447,text,#1f5af6,1
App.css,#8c9690,text,#7f828a,1
App.css,#8c9791,text,#7e828b,3
App.css,#8c9991,text,#7d828c,1
App.css,#8c9992,text,#7d828c,1
App.css,#8c9a92,text,#7d818d,1
App.css,#8ca096,text,#798090,1
App.css,#8d6e32,text,#1f5af6,14
App.css,#8d733f,text,#1f5af6,1
App.css,#8d7548,text,#1f5af6,1
App.css,#8d7a48,text,#1f5af6,1
App.css,#8d988f,text,#7e828b,1
App.css,#8d9892,text,#7e828b,6
App.css,#8d9b93,text,#7d818d,1
App.css,#8da095,text,#798090,1
App.css,#8e9993,text,#7e828b,4
App.css,#8e9b92,text,#7d828c,1
App.css,#8f7337,text,#1f5af6,1
App.css,#8f9994,text,#7f828a,2
App.css,#8fa399,text,#798091,1
App.css,#909a94,text,#7f828a,1
App.css,#909b95,text,#7e828b,3
App.css,#917343,text,#1f5af6,1
App.css,#919c96,text,#7e828b,2
App.css,#927034,text,#1f5af6,1
App.css,#929c96,text,#7f828a,16
App.css,#929d98,text,#7e828b,1
App.css,#939d97,text,#7f828b,3
App.css,#947326,text,#1f5af6,1
App.css,#947631,text,#1f5af6,1
App.css,#94772d,text,#1f5af6,1
App.css,#95713a,text,#1f5af6,1
App.css,#957642,text,#1f5af6,2
App.css,#966c24,text,#1f5af6,1
App.css,#966c28,text,#1f5af6,1
App.css,#967641,text,#1f5af6,1
App.css,#967642,text,#1f5af6,1
App.css,#969f9a,text,#7f828a,2
App.css,#96a59e,text,#7b818e,1
App.css,#96b7a6,bg,#8d9cc0,1
App.css,#96c9ad,border,#94a4cb,1
App.css,#976f2e,text,#1f5af6,1
App.css,#97b2a2,border,#8e9bbb,1
App.css,#987239,text,#1f5af6,2
App.css,#98783a,text,#1f5af6,2
App.css,#987842,text,#1f5af6,1
App.css,#98a39d,text,#7e828c,1
App.css,#996a11,text,#1f5af6,1
App.css,#996d34,text,#1f5af6,1
App.css,#996f1f,bg,#1145d4,1
App.css,#997843,text,#1f5af6,1
App.css,#99a39d,text,#7e828b,1
App.css,#99a49e,text,#8f98ae,1
App.css,#99a69e,text,#8f99b0,1
App.css,#9a4e09,text,#1f5af6,1
App.css,#9a5a14,text,#1f5af6,1
App.css,#9a5c0b,text,#1f5af6,1
App.css,#9a6518,text,#1f5af6,1
App.css,#9a6a19,text,#1f5af6,1
App.css,#9a6b20,text,#1f5af6,1
App.css,#9a6b22,text,#1f5af6,1
App.css,#9a6b33,text,#1f5af6,5
App.css,#9a6e28,text,#1f5af6,1
App.css,#9a712f,text,#1f5af6,1
App.css,#9a742f,text,#1f5af6,1
App.css,#9a7515,text,#1f5af6,1
App.css,#9a7836,text,#1f5af6,1
App.css,#9a7930,text,#1f5af6,1
App.css,#9a7a2e,text,#1f5af6,1
App.css,#9a7a39,text,#1f5af6,1
App.css,#9a7a3d,text,#1f5af6,1
App.css,#9a7a44,text,#1f5af6,1
App.css,#9a7b42,text,#1f5af6,1
App.css,#9a7b46,text,#1f5af6,1
App.css,#9a7c48,text,#1f5af6,1
App.css,#9aa39e,text,#9099ad,4
App.css,#9aa49e,text,#9099ae,1
App.css,#9aa49f,text,#9099ae,1
App.css,#9aa59f,text,#9099af,2
App.css,#9aa69f,text,#909ab0,1
App.css,#9aab9f,text,#919bb4,1
App.css,#9b6c25,text,#1f5af6,2
App.css,#9b6d0b,text,#1f5af6,1
App.css,#9b7837,text,#1f5af6,1
App.css,#9b7930,text,#1f5af6,1
App.css,#9b7936,text,#1f5af6,1
App.css,#9b7a40,text,#1f5af6,1
App.css,#9b7b39,text,#1f5af6,2
App.css,#9ba49f,text,#919aae,1
App.css,#9ba59f,text,#929aae,1
App.css,#9ba69f,text,#929baf,1
App.css,#9bb1a3,any,#929eba,1
App.css,#9bb1a3,bg,#929eba,1
App.css,#9bc4b7,border,#94a4cb,1
App.css,#9c5e2f,bg,#1145d4,1
App.css,#9c793d,text,#1f5af6,1
App.css,#9ca7a2,text,#939cb0,1
App.css,#9d762e,text,#1f5af6,1
App.css,#9d7a3e,text,#1f5af6,1
App.css,#9da7a1,text,#949cb0,1
App.css,#9eada5,text,#959fb6,1
App.css,#a06e25,text,#1f5af6,3
App.css,#a07b3e,text,#1f5af6,1
App.css,#a0a9a4,text,#979fb2,1
App.css,#a0aaa4,bg,#979fb3,1
App.css,#a0aaa4,text,#979fb3,7
App.css,#a16f08,text,#1f5af6,1
App.css,#a1712b,text,#1f5af6,1
App.css,#a17735,text,#1f5af6,1
App.css,#a17a3b,text,#1f5af6,2
App.css,#a17a3c,text,#1f5af6,1
App.css,#a17b3c,text,#1f5af6,1
App.css,#a17d38,text,#1f5af6,1
App.css,#a1aaa5,text,#98a0b3,1
App.css,#a27122,text,#1f5af6,1
App.css,#a27736,text,#1f5af6,1
App.css,#a27a3b,text,#1f5af6,4
App.css,#a27b3c,text,#1f5af6,2
App.css,#a36f22,text,#1f5af6,1
App.css,#a37125,text,#1f5af6,1
App.css,#a37225,text,#1f5af6,1
App.css,#a47c3c,text,#1f5af6,1
App.css,#a56d1b,text,#1f5af6,1
App.css,#a56f20,text,#1f5af6,1
App.css,#a57835,text,#1f5af6,1
App.css,#a67934,text,#1f5af6,1
App.css,#a67b00,text,#1f5af6,1
App.css,#a67d39,text,#1f5af6,1
App.css,#a86612,text,#1f5af6,1
App.css,#a87720,text,#1f5af6,1
App.css,#a87d37,text,#1f5af6,1
App.css,#a8b5ad,bg,#a0a9bd,1
App.css,#a8b5ad,border,#a0a9bd,1
App.css,#a8b5ae,text,#a0a9bd,1
App.css,#a8b8ae,any,#a0aac0,1
App.css,#a97819,text,#1f5af6,2
App.css,#a97820,text,#1f5af6,1
App.css,#a97828,text,#1f5af6,1
App.css,#a9782e,bg,#1145d4,1
App.css,#a9c9b5,border,#a2b0d0,1
App.css,#a9cfb4,border,#a5b3d3,1
App.css,#aab5ae,bg,#a2aabd,1
App.css,#abb6af,bg,#a3abbe,1
App.css,#ad7428,text,#1f5af6,1
App.css,#adc1b5,text,#a6b0c8,1
App.css,#adc5b5,border,#a6b1cc,1
App.css,#ae7424,text,#1f5af6,1
App.css,#aeb8b2,bg,#a6aec0,1
App.css,#aebdb4,border,#a7b0c4,1
App.css,#afbeb5,text,#a8b1c5,1
App.css,#afc2b5,border,#a8b2c9,1
App.css,#b07936,text,#1f5af6,1
App.css,#b07a25,text,#1f5af6,1
App.css,#b08133,text,#1f5af6,1
App.css,#b36c08,text,#1f5af6,1
App.css,#b37f27,text,#1f5af6,1
App.css,#b3bcb7,text,#acb3c3,1
App.css,#b47d1d,text,#1f5af6,1
App.css,#b4873b,text,#1f5af6,1
App.css,#b4beb7,text,#adb4c5,1
App.css,#b58b46,text,#1f5af6,1
App.css,#b67d24,bg,#1145d4,1
App.css,#b68a3a,text,#1f5af6,1
App.css,#b7c8bd,border,#b1bace,1
App.css,#b7d0c1,border,#b1bcd6,1
App.css,#b8841f,text,#1f5af6,1
App.css,#b88625,any,#1145d4,1
App.css,#b8c4bc,any,#b2b9cb,1
App.css,#b8c5bd,bg,#b2b9cb,1
App.css,#b8d1c0,border,#b2bdd7,1
App.css,#b99754,bg,#2057ed,1
App.css,#b9c0b8,text,#b1b8c7,3
App.css,#b9c4be,text,#b3baca,1
App.css,#b9c8be,any,#b3bbce,1
App.css,#b9c8be,bg,#b3bbce,1
App.css,#b9d0c2,border,#b3bed6,1
App.css,#b9dec9,border,#b9c4de,1
App.css,#ba852a,border,#1145d4,1
App.css,#bac8c0,text,#b4bcce,1
App.css,#bad0c1,text,#b4bed6,1
App.css,#bad8c6,border,#b6c1dc,1
App.css,#bcd7c4,border,#b7c2dc,1
App.css,#bd8a2c,text,#1f5af6,1
App.css,#bdd1c4,text,#b7c1d7,3
App.css,#bdd6c6,bg,#b8c2db,1
App.css,#bddbc8,border,#bac5de,1
App.css,#bde6cb,border,#c2cbe1,1
App.css,#bed0bd,bg,#b7c0d6,1
App.css,#bfd1c1,any,#bac2d6,1
App.css,#bfd3c6,border,#bac3d8,1
App.css,#bfd5c8,border,#bac3da,1
App.css,#bfe0ca,border,#bfc9e0,2
App.css,#bfe9d5,text,#c5cee3,1
App.css,#c2943d,text,#1f5af6,1
App.css,#c38b21,bg,#1145d4,1
App.css,#c3cec7,text,#bec4d3,1
App.css,#c49224,bg,#1146d7,1
App.css,#c4ccc7,text,#bfc4d2,1
App.css,#c5cec8,any,#c0c6d3,1
App.css,#c5d0ca,text,#c0c6d5,1
App.css,#c69a4b,border,#2459ed,1
App.css,#c7d7cd,text,#c2cadc,2
App.css,#c7d9ce,border,#c2cbde,1
App.css,#c87408,text,#1f5af6,1
App.css,#c89431,bg,#134be6,1
App.css,#c8d1cc,bg,#c3c9d6,1
App.css,#c8d5cd,text,#c3cada,1
App.css,#c8d9ce,border,#c3cbde,1
App.css,#c8ddcf,border,#c4cde1,1
App.css,#c8e4d1,border,#c8d0e4,1
App.css,#c99767,bg,#406ff0,1
App.css,#c99a38,border,#154eec,1
App.css,#c99c42,bg,#1e55ed,2
App.css,#c9d5cc,border,#c4cbda,1
App.css,#cad4ce,bg,#c5cbd9,1
App.css,#cad7cf,border,#c5ccdc,1
App.css,#cad8cd,border,#c5ccdd,1
App.css,#cad8cf,border,#c5ccdd,4
App.css,#cad9d1,border,#c5cdde,1
App.css,#cadbce,border,#c6cddf,1
App.css,#cbd3cf,text,#c6cbd8,1
App.css,#cbd4cc,border,#c6ccd9,1
App.css,#cbd5ce,any,#c6ccda,2
App.css,#cbd5cf,bg,#c6ccda,1
App.css,#cbd7ce,border,#c6cddc,1
App.css,#cbd8cf,border,#c6cddd,2
App.css,#cbd8d0,border,#c6cddd,6
App.css,#cbdacf,border,#c7cede,2
App.css,#cbdad3,text,#c7cede,1
App.css,#cbdcd1,border,#c7cee0,1
App.css,#cbe8d3,bg,#ccd4e7,1
App.css,#ccd5cf,border,#c7cdda,1
App.css,#ccd6ce,border,#c7cddb,1
App.css,#ccd7ce,border,#c7cddc,1
App.css,#ccd7cf,border,#c7cddc,1
App.css,#ccd7d0,bg,#c7cddc,1
App.css,#ccd8cf,border,#c8cedc,2
App.css,#ccd8d0,border,#c8cedc,3
App.css,#ccd9d0,border,#c8cedd,1
App.css,#ccdcd2,border,#c8cfe0,1
App.css,#ccddd1,border,#c8cfe1,1
App.css,#cdd9d1,border,#c9cfdd,2
App.css,#cddbcf,border,#c9cfdf,1
App.css,#cddbd1,border,#c9cfdf,1
App.css,#cddbd2,border,#c9cfdf,1
App.css,#cddccf,bg,#c9d0e0,1
App.css,#cddfd5,border,#c9d1e3,1
App.css,#ced8d1,border,#cacfdc,1
App.css,#cedfd5,border,#cad1e3,1
App.css,#cee0d5,border,#cad2e4,1
App.css,#cfaa5c,bg,#3c6cef,1
App.css,#cfd8d2,any,#cbd0dc,1
App.css,#cfd8d2,border,#cbd0dc,1
App.css,#cfdad3,border,#cbd1de,2
App.css,#cfdbd3,border,#cbd1df,1
App.css,#cfdbd4,border,#cbd1df,1
App.css,#cfdcd3,border,#cbd1e0,1
App.css,#cfdcd4,border,#cbd1e0,1
App.css,#cfded4,border,#cbd2e2,1
App.css,#cfe0c9,border,#c6cfe3,1
App.css,#cfe0d4,bg,#cbd3e4,1
App.css,#cfe0d6,border,#cbd3e4,2
App.css,#cfe0d7,border,#cbd3e4,1
App.css,#cfe0dd,border,#cbd3e4,1
App.css,#cfe1d5,border,#cbd3e5,1
App.css,#cfe1da,border,#cbd3e5,1
App.css,#cfe2d5,border,#cbd3e6,1
App.css,#cfe4d5,border,#ccd4e7,1
App.css,#d0a24c,bg,#2e61ee,1
App.css,#d0dbd3,border,#ccd2df,1
App.css,#d0ddd5,border,#ccd2e1,1
App.css,#d1a94b,border,#2e61ee,1
App.css,#d1e0d5,bg,#cdd4e4,1
App.css,#d2981f,text,#1f5af6,1
App.css,#d29d3d,text,#1f5af6,1
App.css,#d2a344,bg,#285dee,1
App.css,#d2a64e,border,#3264ee,1
App.css,#d2a653,border,#3667ef,1
App.css,#d2a93f,text,#1f5af6,1
App.css,#d2dfd7,border,#ced4e3,1
App.css,#d2eadd,text,#d2d9ea,1
App.css,#d39a3b,bg,#2157ed,1
App.css,#d3a62f,bg,#164fec,1
App.css,#d3ddd7,border,#cfd4e1,1
App.css,#d3e1d5,border,#cfd6e5,1
App.css,#d3e1da,text,#cfd6e5,1
App.css,#d3e2d7,bg,#cfd6e6,1
App.css,#d3e8dc,border,#d2d9e9,1
App.css,#d4972f,bg,#1750ec,1
App.css,#d49a24,any,#134be5,1
App.css,#d4a13d,bg,#2459ed,1
App.css,#d4ddd5,border,#d0d5e1,1
App.css,#d4ddd6,border,#d0d5e1,1
App.css,#d4ddd7,border,#d0d5e1,1
App.css,#d4ded7,border,#d0d5e2,1
App.css,#d4e0d7,border,#d0d6e4,1
App.css,#d4e1d7,text,#d0d6e5,1
App.css,#d4e2d9,border,#d0d7e6,1
App.css,#d4e5dd,text,#d1d8e8,1
App.css,#d4e7d8,border,#d2d9e9,1
App.css,#d4e9db,border,#d3daea,1
App.css,#d59b2a,text,#1f5af6,1
App.css,#d5ad58,bg,#3e6def,1
App.css,#d5d9d6,border,#d1d5dd,1
App.css,#d5ddd7,border,#d1d6e1,7
App.css,#d5dfcf,border,#cbd2e3,1
App.css,#d5dfd9,border,#d1d7e3,3
App.css,#d5e0d9,text,#d1d7e4,1
App.css,#d5e2da,border,#d1d7e6,1
App.css,#d5e4dc,bg,#d2d8e7,1
App.css,#d5e7da,border,#d2d9ea,1
App.css,#d5e9dd,border,#d4dbea,1
App.css,#d69b24,any,#134be7,1
App.css,#d69d1d,text,#1f5af6,1
App.css,#d6aa57,bg,#3e6def,1
App.css,#d6ddd7,text,#d2d7e1,1
App.css,#d6ded8,border,#d2d7e2,1
App.css,#d6ded9,text,#d2d7e2,1
App.css,#d6dfd8,border,#d2d7e3,1
App.css,#d6dfd9,border,#d2d7e3,1
App.css,#d6e0d6,bg,#d2d8e4,1
App.css,#d6e0d9,border,#d2d8e4,1
App.css,#d6e0da,border,#d2d8e4,1
App.css,#d6e1d8,border,#d2d8e5,1
App.css,#d6e3d8,bg,#d3d9e6,1
App.css,#d6e4dc,bg,#d3d9e7,1
App.css,#d6e5da,bg,#d3d9e8,1
App.css,#d6e5dc,bg,#d3d9e8,1
App.css,#d6e6da,bg,#d3d9e9,1
App.css,#d6eee4,text,#d8deec,1
App.css,#d7961e,bg,#124ae3,1
App.css,#d79925,bg,#134ce9,2
App.css,#d79b22,any,#134be6,1
App.css,#d7a63d,bg,#275ced,1
App.css,#d7a92f,border,#1a52ec,1
App.css,#d7bb75,text,#1f5af6,1
App.css,#d7ddd9,border,#d3d7e1,1
App.css,#d7ded9,border,#d3d8e2,1
App.css,#d7ded9,text,#d3d8e2,1
App.css,#d7dfd9,border,#d3d8e3,2
App.css,#d7dfda,border,#d3d8e3,1
App.css,#d7e0da,border,#d3d8e4,3
App.css,#d7e1da,border,#d4d9e4,4
App.css,#d7e1db,text,#d4d9e4,1
App.css,#d7e3d8,border,#d4d9e6,1
App.css,#d7e3dc,border,#d4d9e6,3
App.css,#d7e3df,border,#d4d9e6,1
App.css,#d7e4dc,border,#d4dae7,2
App.css,#d7e5db,bg,#d4dae8,2
App.css,#d7e6db,bg,#d4dae9,2
App.css,#d7e7dd,border,#d4dbea,3
App.css,#d7e8dc,border,#d4dbeb,2
App.css,#d8a23f,bg,#295eee,1
App.css,#d8a52d,border,#1951ec,2
App.css,#d8ad4c,bg,#3567ef,1
App.css,#d8b55c,border,#4472f0,1
App.css,#d8b970,bg,#5780f1,1
App.css,#d8ded9,border,#d4d8e2,1
App.css,#d8dfd9,border,#d4d9e3,1
App.css,#d8dfda,border,#d4d9e3,5
App.css,#d8e0da,border,#d5d9e3,3
App.css,#d8e1da,border,#d5d9e4,2
App.css,#d8e1db,border,#d5d9e4,1
App.css,#d8e2da,border,#d5dae5,2
App.css,#d8e2db,border,#d5dae5,3
App.css,#d8e2dc,border,#d5dae5,8
App.css,#d8e3dc,border,#d5dae6,30
App.css,#d8e3dd,border,#d5dae6,1
App.css,#d8e4da,border,#d5dae7,1
App.css,#d8e4dc,border,#d5dae7,2
App.css,#d8e4dd,border,#d5dae7,1
App.css,#d8e5d9,bg,#d5dbe8,1
App.css,#d8e5dc,border,#d5dbe8,1
App.css,#d8e5dd,border,#d5dbe8,1
App.css,#d8e6db,bg,#d5dbe9,1
App.css,#d8e6db,text,#d5dbe9,1
App.css,#d8e6dc,bg,#d5dbe9,1
App.css,#d8e7dc,bg,#d5dbea,2
App.css,#d8e9dd,border,#d6dceb,2
App.css,#d9a441,bg,#2c60ee,3
App.css,#d9a83f,bg,#2a5eee,1
App.css,#d9b55b,text,#1f5af6,1
App.css,#d9b968,text,#1f5af6,1
App.css,#d9dfd7,border,#d3d8e3,1
App.css,#d9dfd8,border,#d4d9e3,1
App.css,#d9dfdb,border,#d5d9e3,1
App.css,#d9e0db,border,#d6dae3,1
App.css,#d9e1db,border,#d6dae4,1
App.css,#d9e1dc,border,#d6dae4,2
App.css,#d9e2dc,border,#d6dae5,7
App.css,#d9e3d8,border,#d5dae6,1
App.css,#d9e3dc,border,#d6dbe6,4
App.css,#d9e3dd,border,#d6dbe6,8
App.css,#d9e3de,border,#d6dbe6,1
App.css,#d9e4dc,border,#d6dbe7,3
App.css,#d9e4dd,border,#d6dbe7,10
App.css,#d9e4de,border,#d6dbe7,1
App.css,#d9e5de,border,#d6dbe8,1
App.css,#d9e6dc,text,#d6dce9,1
App.css,#d9e7dd,bg,#d6dcea,2
App.css,#d9eadf,border,#d7ddec,1
App.css,#d9f2e6,bg,#dde2ee,1
App.css,#dae4de,border,#d7dce7,4
App.css,#dae5de,border,#d7dce8,2
App.css,#dbe1dc,border,#d8dbe4,2
App.css,#dbe3dc,border,#d8dce6,1
App.css,#dbe3dd,border,#d8dce6,5
App.css,#dbe3de,bg,#d8dce6,1
App.css,#dbe4de,bg,#d8dce7,1
App.css,#dbe4de,border,#d8dce7,11
App.css,#dbe4df,border,#d8dce7,3
App.css,#dbe5df,border,#d8dde8,8
App.css,#dbe6dd,bg,#d8dde9,1
App.css,#dbe6de,text,#d8dde9,1
App.css,#dbe6df,border,#d8dde9,1
App.css,#dbe7d9,border,#d6dcea,1
App.css,#dbe7dd,text,#d8ddea,1
App.css,#dbe7de,border,#d8ddea,1
App.css,#dbe8df,bg,#d8deeb,1
App.css,#dbe8df,border,#d8deeb,2
App.css,#dbeae4,text,#d9dfec,1
App.css,#dc9216,text,#1f5af6,1
App.css,#dce2dc,border,#d9dde5,1
App.css,#dce3dd,border,#d9dde6,2
App.css,#dce3de,border,#d9dde6,7
App.css,#dce4da,border,#d7dce7,2
App.css,#dce4dc,border,#d9dde7,1
App.css,#dce4dd,border,#d9dde7,1
App.css,#dce4de,border,#d9dde7,17
App.css,#dce4df,border,#d9dde7,5
App.css,#dce5dd,border,#d9dde8,3
App.css,#dce5de,border,#d9dde8,5
App.css,#dce5df,border,#d9dde8,19
App.css,#dce5e0,border,#d9dde8,1
App.css,#dce5e1,border,#d9dde8,1
App.css,#dce6de,border,#d9dee9,1
App.css,#dce6df,border,#d9dee9,7
App.css,#dce6e0,border,#d9dee9,1
App.css,#dce7dd,border,#d9deea,1
App.css,#dce7df,bg,#d9deea,1
App.css,#dce7df,border,#d9deea,4
App.css,#dce7e0,border,#d9deea,5
App.css,#dce7e1,border,#d9deea,2
App.css,#dce8d8,border,#d5dceb,1
App.css,#dce8df,border,#d9deeb,4
App.css,#dce8e1,border,#d9deeb,1
App.css,#dce9df,bg,#d9dfec,2
App.css,#dce9df,text,#d9dfec,1
App.css,#dce9e0,border,#d9dfec,1
App.css,#dce9e1,border,#d9dfec,1
App.css,#dceae1,border,#d9dfed,1
App.css,#dcebe1,border,#dae0ed,1
App.css,#dd8211,text,#1f5af6,2
App.css,#dda12b,border,#1b53ed,1
App.css,#ddb24e,bg,#3c6cef,1
App.css,#dde2de,border,#dadde5,1
App.css,#dde4df,border,#dadee7,1
App.css,#dde5df,border,#dadee8,2
App.css,#dde6df,border,#dadfe9,2
App.css,#dde6e0,border,#dadfe9,1
App.css,#dde7df,border,#dadfea,1
App.css,#dde7e1,border,#dadfea,1
App.css,#dde8df,border,#dadfeb,1
App.css,#deaa48,bg,#3768ef,1
App.css,#deb04b,bg,#3a6aef,1
App.css,#deb25b,bg,#4975f0,1
App.css,#dee5df,border,#dbdfe8,1
App.css,#dee6e0,border,#dbdfe9,1
App.css,#dee7e1,border,#dbe0ea,1
App.css,#deeadf,border,#dbe1ed,1
App.css,#dfa846,bg,#3667ef,1
App.css,#dfaa44,bg,#3466ef,3
App.css,#dfaa44,text,#1f5af6,1
App.css,#dfaa45,bg,#3567ef,1
App.css,#dfb44b,bg,#3b6bef,1
App.css,#dfbc64,bg,#527cf1,1
App.css,#dfe4df,border,#dcdfe7,2
App.css,#dfe5df,border,#dce0e8,4
App.css,#dfe5e0,border,#dce0e8,1
App.css,#dfe5e1,border,#dce0e8,10
App.css,#dfe6df,border,#dce0e9,1
App.css,#dfe6e1,border,#dce0e9,22
App.css,#dfe7e1,any,#dce0ea,1
App.css,#dfe7e1,border,#dce0ea,8
App.css,#dfe7e2,border,#dce0ea,34
App.css,#dfe7e3,bg,#dce0ea,1
App.css,#dfe7e3,border,#dce0ea,1
App.css,#dfe8e1,bg,#dce1eb,1
App.css,#dfe8e1,border,#dce1eb,1
App.css,#dfe8e2,border,#dce1eb,24
App.css,#dfe8e3,border,#dce1eb,3
App.css,#dfe9e3,border,#dce1ec,4
App.css,#dfe9e5,border,#dce1ec,1
App.css,#dfeae4,border,#dce1ed,1
App.css,#dfeae6,border,#dce1ed,1
App.css,#dfece4,bg,#dde2ee,2
App.css,#dff1e5,bg,#dce3f4,1
App.css,#dff2e8,bg,#dce3f5,1
App.css,#dff4e8,bg,#dde4f6,1
App.css,#e0aa4a,any,#3b6bef,1
App.css,#e0ad4c,border,#3d6cef,1
App.css,#e0ad4c,text,#1f5af6,1
App.css,#e0e4de,border,#dbdfe7,1
App.css,#e0e4e1,border,#dde0e7,3
App.css,#e0e5da,border,#d7dce8,1
App.css,#e0e5df,border,#dce0e8,2
App.css,#e0e5e2,border,#dde0e8,2
App.css,#e0e6e2,border,#dde1e9,10
App.css,#e0e7e1,border,#dde1ea,1
App.css,#e0e7e2,border,#dde1ea,8
App.css,#e0e7e3,border,#dde1ea,4
App.css,#e0e8e3,border,#dde1eb,9
App.css,#e0e9e2,border,#dde2ec,1
App.css,#e0eae4,border,#dde2ed,1
App.css,#e19b1c,text,#1f5af6,1
App.css,#e1aa43,bg,#3567ef,1
App.css,#e1b051,bg,#4271f0,1
App.css,#e1b558,bg,#4975f0,1
App.css,#e1b84f,border,#406ff0,1
App.css,#e1b853,bg,#4472f0,1
App.css,#e1e6e2,border,#dee1e9,5
App.css,#e1e6e3,border,#dee1e9,13
App.css,#e1e7e1,border,#dee2ea,1
App.css,#e1e7e2,border,#dee2ea,4
App.css,#e1e7e3,border,#dee2ea,11
App.css,#e1e8e2,border,#dee2eb,3
App.css,#e1e8e3,border,#dee2eb,4
App.css,#e1e8e4,border,#dee2eb,2
App.css,#e1e9e3,border,#dee2ec,1
App.css,#e1e9e4,border,#dee2ec,4
App.css,#e1ebe5,border,#dde2ef,1
App.css,#e1ece5,bg,#dde3f0,1
App.css,#e28f16,bg,#134be5,1
App.css,#e2ab44,border,#3768ef,2
App.css,#e2ae3e,any,#3264ee,1
App.css,#e2b547,bg,#3a6aef,1
App.css,#e2b64e,bg,#406ff0,1
App.css,#e2e5de,border,#dbdfe8,2
App.css,#e2e6df,border,#dce0e9,3
App.css,#e2e6e2,border,#dfe2e9,2
App.css,#e2e7e3,bg,#dfe2ea,1
App.css,#e2e7e4,border,#dfe2ea,3
App.css,#e2e8e2,border,#dfe3eb,1
App.css,#e2e8e3,border,#dfe3eb,4
App.css,#e2e8e4,border,#dfe3eb,4
App.css,#e2e9e4,border,#dfe3ec,4
App.css,#e2e9e5,border,#dfe3ec,30
App.css,#e2efe9,bg,#dfe5f2,1
App.css,#e2f5e9,bg,#e0e7f7,1
App.css,#e3ad35,border,#2a5eee,1
App.css,#e3ba53,text,#1f5af6,1
App.css,#e3bb59,bg,#4c78f0,1
App.css,#e3e6df,border,#dce0e9,1
App.css,#e3e7e2,border,#dfe2ea,2
App.css,#e3e7e3,border,#e0e3ea,1
App.css,#e3e8de,border,#dbe0eb,1
App.css,#e3e8df,border,#dce1eb,1
App.css,#e3e8e4,bg,#e0e3eb,1
App.css,#e3e8e4,border,#e0e3eb,1
App.css,#e3e8e5,border,#e0e3eb,1
App.css,#e3e9e2,border,#dfe3ec,1
App.css,#e3e9e4,border,#dfe3ed,3
App.css,#e3e9e5,border,#dfe3ed,8
App.css,#e3eadc,border,#d9dfed,1
App.css,#e3eae5,border,#dfe4ee,1
App.css,#e3eae6,border,#dfe4ee,1
App.css,#e3ebe6,border,#dfe4ef,1
App.css,#e3ece7,border,#dfe4f0,1
App.css,#e3f6ea,bg,#e1e8f8,1
App.css,#e49a10,text,#1f5af6,1
App.css,#e4ae37,bg,#2d60ee,1
App.css,#e4b547,bg,#3c6cef,1
App.css,#e4b94e,bg,#4271f0,1
App.css,#e4bb53,bg,#4774f0,1
App.css,#e4bd59,bg,#4c78f1,1
App.css,#e4e7df,border,#dce0ea,1
App.css,#e4e7e3,border,#e0e3ea,1
App.css,#e4e8e5,border,#e0e4ec,1
App.css,#e4e9df,border,#dce1ec,1
App.css,#e4e9e4,border,#e0e4ed,4
App.css,#e4e9e5,border,#e0e4ed,7
App.css,#e4eae5,border,#e0e4ee,1
App.css,#e4eae6,border,#e0e4ee,4
App.css,#e4ebe5,border,#e0e5ef,1
App.css,#e4ebe6,border,#e0e5ef,1
App.css,#e4ece7,bg,#e1e5ef,2
App.css,#e4ece7,border,#e1e5ef,7
App.css,#e5bd5a,text,#1f5af6,1
App.css,#e5e7df,any,#dce0ea,1
App.css,#e5e8e3,border,#e0e3eb,1
App.css,#e5e8e5,border,#e1e4ec,1
App.css,#e5e9e5,border,#e1e5ed,1
App.css,#e5e9e6,border,#e1e5ed,3
App.css,#e5eae2,border,#dee3ee,2
App.css,#e5eae6,border,#e1e5ee,11
App.css,#e5eae7,border,#e1e5ee,1
App.css,#e5ebe6,bg,#e2e5ee,1
App.css,#e5ebe6,border,#e2e5ee,2
App.css,#e5ebe7,border,#e2e5ee,5
App.css,#e5ebe8,border,#e2e5ee,1
App.css,#e5ece6,border,#e2e6ef,1
App.css,#e5ece7,border,#e2e6ef,1
App.css,#e5ede7,bg,#e2e6f0,1
App.css,#e5eee9,text,#e2e6f1,1
App.css,#e5efe9,bg,#e2e7f2,1
App.css,#e5f4e9,bg,#e2e8f7,3
App.css,#e5f4ea,bg,#e2e8f7,2
App.css,#e5f7ef,bg,#e4eaf8,1
App.css,#e6a928,border,#2157ed,1
App.css,#e6af37,bg,#2f62ee,1
App.css,#e6be5a,border,#4f7af1,1
App.css,#e6bf58,bg,#4d79f1,1
App.css,#e6bf58,border,#4d79f1,1
App.css,#e6e8df,border,#dce1eb,1
App.css,#e6ebe3,border,#dfe4ef,1
App.css,#e6ebe4,border,#e0e5ef,1
App.css,#e6ebe7,border,#e3e6ee,11
App.css,#e6ebe8,border,#e3e6ee,3
App.css,#e6ece7,border,#e3e6ef,2
App.css,#e6ece8,border,#e3e6ef,5
App.css,#e6eee7,bg,#e3e7f1,1
App.css,#e6eee9,border,#e3e7f1,1
App.css,#e6f1ea,bg,#e3e8f4,1
App.css,#e6f4ea,bg,#e3e9f7,4
App.css,#e7b455,bg,#4c78f0,1
App.css,#e7b655,bg,#4c78f0,1
App.css,#e7b948,text,#1f5af6,1
App.css,#e7bc57,bg,#4d79f1,1
App.css,#e7bf5f,bg,#557ff1,1
App.css,#e7bf62,bg,#5881f1,1
App.css,#e7e9e5,border,#e1e5ed,1
App.css,#e7e9e7,text,#e4e6ec,1
App.css,#e7ebe4,border,#e0e5ef,1
App.css,#e7ebe8,border,#e4e7ee,3
App.css,#e7ece8,border,#e4e7ef,10
App.css,#e7ece9,bg,#e4e7ef,1
App.css,#e7ece9,border,#e4e7ef,7
App.css,#e7eee6,bg,#e3e7f1,1
App.css,#e7eee9,any,#e4e8f1,1
App.css,#e7eee9,bg,#e4e8f1,1
App.css,#e7eee9,border,#e4e8f1,1
App.css,#e7efe9,bg,#e4e8f2,1
App.css,#e7f0e7,bg,#e4e9f3,1
App.css,#e7f0e9,bg,#e4e9f3,1
App.css,#e7f2eb,bg,#e4e9f5,1
App.css,#e7f4eb,bg,#e4eaf7,1
App.css,#e7f5eb,bg,#e4eaf8,3
App.css,#e7f5ec,bg,#e4eaf8,1
App.css,#e7f6eb,bg,#e5ebf8,1
App.css,#e7f8f5,bg,#e6ecf9,1
App.css,#e8b13e,text,#1f5af6,1
App.css,#e8b442,text,#1f5af6,1
App.css,#e8b83f,text,#1f5af6,1
App.css,#e8bb63,bg,#5982f2,1
App.css,#e8bd55,bg,#4c78f1,1
App.css,#e8c267,bg,#5d85f2,2
App.css,#e8c75f,text,#1f5af6,1
App.css,#e8ebe8,border,#e5e8ee,2
App.css,#e8ebe9,bg,#e5e8ee,1
App.css,#e8ece8,border,#e5e8ef,1
App.css,#e8ece9,bg,#e5e8ef,1
App.css,#e8ece9,border,#e5e8ef,4
App.css,#e8ede9,bg,#e5e8f0,1
App.css,#e8ede9,border,#e5e8f0,2
App.css,#e8edea,border,#e5e8f0,1
App.css,#e8eee6,bg,#e3e7f1,1
App.css,#e8eee9,bg,#e5e9f1,1
App.css,#e8eee9,border,#e5e9f1,1
App.css,#e8eeea,bg,#e5e9f1,1
App.css,#e8eeeb,border,#e5e9f1,1
App.css,#e8efeb,bg,#e5e9f2,1
App.css,#e8f0e9,border,#e5e9f3,1
App.css,#e8f0ea,bg,#e5e9f3,2
App.css,#e8f1eb,bg,#e5eaf4,1
App.css,#e8f2eb,bg,#e5eaf5,1
App.css,#e8f2ec,bg,#e5eaf5,1
App.css,#e8f4ed,bg,#e5ebf7,1
App.css,#e8f5ed,bg,#e6ebf7,5
App.css,#e8f6ed,bg,#e6ebf8,2
App.css,#e9b13e,bg,#3869ef,1
App.css,#e9bd46,bg,#406eef,3
App.css,#e9bd46,border,#406eef,1
App.css,#e9bd46,text,#1f5af6,1
App.css,#e9c25e,bg,#567ff1,1
App.css,#e9e3d8,border,#ecf1fb,2
App.css,#e9e3d9,border,#ecf1fb,1
App.css,#e9ece8,border,#e5e8ef,1
App.css,#e9ede8,border,#e5e8f0,1
App.css,#e9edea,border,#e6e9f0,1
App.css,#e9eee9,bg,#e6e9f1,2
App.css,#e9eeeb,border,#e6e9f1,2
App.css,#e9efeb,bg,#e6eaf2,1
App.css,#e9f0ea,bg,#e6eaf3,2
App.css,#e9f1eb,bg,#e6eaf4,1
App.css,#e9f3ed,bg,#e6ebf6,1
App.css,#e9f4ed,bg,#e7ebf6,1
App.css,#e9f5ed,bg,#e7ecf7,1
App.css,#e9f7ec,bg,#e7ecf9,1
App.css,#e9f7ee,bg,#e7ecf9,1
App.css,#eaf0ec,bg,#e7ebf3,1
App.css,#eaf1ec,bg,#e7ebf4,2
App.css,#eaf2ec,bg,#e7ebf5,1
App.css,#eaf2ed,bg,#e7ebf5,3
App.css,#eaf3ec,bg,#e8ecf5,3
App.css,#eaf3ed,bg,#e8ecf5,2
App.css,#eaf3ee,bg,#e8ecf5,1
App.css,#eaf4ed,bg,#e8ecf6,2
App.css,#eaf4ee,bg,#e8ecf6,2
App.css,#eaf6ed,bg,#e8edf8,1
App.css,#eaf6ee,bg,#e8edf8,1
App.css,#eaf7ed,bg,#e8edf9,1
App.css,#eaf7ee,bg,#e8edf9,1
App.css,#eaf8ee,bg,#e9eef9,1
App.css,#eaf8ef,bg,#e9eef9,1
App.css,#ebe3d7,border,#ecf1fb,1
App.css,#ebe4d8,border,#ecf1fb,1
App.css,#ebe7d8,border,#ecf1fb,1
App.css,#ebe7da,border,#ecf1fb,1
App.css,#ece5d9,border,#ecf1fb,1
App.css,#ece6d8,border,#ecf1fb,1
App.css,#eceeea,border,#e7eaf1,3
App.css,#ecf8ef,bg,#eaeffa,1
App.css,#edbe45,bg,#4271f0,1
App.css,#edbe45,border,#4271f0,1
App.css,#edbe4b,bg,#4875f0,1
App.css,#ede9d9,bg,#ecf1fb,1
App.css,#edf0ed,bg,#ebedf2,2
App.css,#edf0ed,border,#ebedf2,6
App.css,#edf0ee,border,#ebedf2,15
App.css,#edf1ed,bg,#ebedf3,1
App.css,#edf1ed,border,#ebedf3,1
App.css,#edf1ee,bg,#ebedf3,6
App.css,#edf1ee,border,#ebedf3,30
App.css,#edf1ef,border,#ebedf3,1
App.css,#edf2ec,bg,#eaedf4,1
App.css,#edf2ee,any,#ebeef4,3
App.css,#edf2ee,bg,#ebeef4,9
App.css,#edf2ee,border,#ebeef4,1
App.css,#edf2ef,bg,#ebeef4,1
App.css,#edf2ef,border,#ebeef4,1
App.css,#edf3ef,bg,#ebeef5,4
App.css,#edf4e8,bg,#e5ebf7,2
App.css,#edf4ee,bg,#ebeef6,2
App.css,#edf4ef,bg,#ebeef6,46
App.css,#edf5eb,bg,#e9edf7,1
App.css,#edf5ec,bg,#eaeef7,1
App.css,#edf5ee,bg,#ebeff7,1
App.css,#edf5ef,bg,#ebeff7,9
App.css,#edf5f0,bg,#ebeff7,2
App.css,#edf5f1,bg,#ebeff7,1
App.css,#edf6f0,bg,#ebeff8,3
App.css,#edf6f1,bg,#ebeff8,1
App.css,#edf7ef,bg,#ebeff9,1
App.css,#edf7f0,bg,#ebeff9,6
App.css,#edf7f1,bg,#ebeff9,3
App.css,#edf7f2,bg,#ebeff9,1
App.css,#edf8f1,bg,#ebf0fa,2
App.css,#edf9f1,bg,#ecf0fa,1
App.css,#ee8d13,bg,#154eec,1
App.css,#eebe4b,bg,#4975f0,2
App.css,#eebe4b,border,#4975f0,1
App.css,#eee5d5,border,#ecf1fb,1
App.css,#eee7d8,border,#ecf1fb,3
App.css,#eee7d9,border,#ecf1fb,1
App.css,#eee7db,border,#ecf1fb,2
App.css,#eee8d9,border,#ecf1fb,2
App.css,#eee8dd,border,#ecf1fb,1
App.css,#eee9de,border,#ecf1fb,1
App.css,#eef1ee,border,#eceef3,1
App.css,#eef1ef,bg,#eceef3,3
App.css,#eef1ef,border,#eceef3,5
App.css,#eef2ed,bg,#ebeef4,1
App.css,#eef2ee,bg,#eceef4,3
App.css,#eef2ef,bg,#eceef4,4
App.css,#eef2ef,border,#eceef4,3
App.css,#eef2ef,text,#eceef4,1
App.css,#eef3ec,bg,#eaedf5,1
App.css,#eef3ef,bg,#eceff5,11
App.css,#eef3f0,bg,#eceff5,4
App.css,#eef3f0,border,#eceff5,1
App.css,#eef4eb,bg,#e9edf6,1
App.css,#eef4ef,bg,#eceff6,8
App.css,#eef4f0,bg,#eceff6,12
App.css,#eef5ea,bg,#e8ecf7,1
App.css,#eef5ed,bg,#ebeff7,1
App.css,#eef5ef,bg,#eceff7,5
App.css,#eef5f0,bg,#eceff7,6
App.css,#eef5f1,bg,#eceff7,7
App.css,#eef6ef,bg,#ecf0f8,2
App.css,#eef6f0,bg,#ecf0f8,6
App.css,#eef6f1,bg,#ecf0f8,7
App.css,#eef7f0,bg,#ecf0f9,1
App.css,#eef7f1,bg,#ecf0f9,5
App.css,#eef7f2,bg,#ecf0f9,2
App.css,#eef7f3,bg,#ecf0f9,1
App.css,#eef8f1,bg,#ecf0fa,1
App.css,#eef8f2,bg,#ecf0fa,2
App.css,#efc55f,text,#1f5af6,2
App.css,#efe7d8,bg,#ecf1fb,1
App.css,#eff2ef,bg,#edeff4,1
App.css,#eff2f0,border,#edeff4,1
App.css,#eff4f0,bg,#edf0f6,1
App.css,#eff6f0,bg,#edf0f8,1
App.css,#eff7f3,bg,#edf1f9,1
App.css,#eff8f2,bg,#edf1fa,1
App.css,#f0c15b,bg,#5982f2,1
App.css,#f0c45b,text,#1f5af6,1
App.css,#f0c75f,bg,#5d85f2,2
App.css,#f0e8d9,bg,#ecf1fb,1
App.css,#f0e8dc,border,#ecf1fb,1
App.css,#f0eadc,bg,#ecf1fb,1
App.css,#f0f2ef,bg,#edeff4,1
App.css,#f0f2f0,border,#eef0f4,1
App.css,#f0f2f1,bg,#eef0f4,1
App.css,#f0f2f1,border,#eef0f4,1
App.css,#f0f3f1,bg,#eef0f5,2
App.css,#f0f3f1,text,#eef0f5,1
App.css,#f0f4f1,bg,#eef0f6,2
App.css,#f0f5ef,bg,#edf0f7,1
App.css,#f0f5f1,bg,#eef1f7,1
App.css,#f0f6f1,bg,#eef1f8,1
App.css,#f0f6f2,bg,#eef1f8,2
App.css,#f0f6f3,bg,#eef1f8,1
App.css,#f0f8f4,bg,#eef2fa,1
App.css,#f1c95e,text,#1f5af6,1
App.css,#f1eee4,bg,#ecf1fb,1
App.css,#f1eee5,bg,#ecf1fb,1
App.css,#f1eee7,bg,#ecf1fb,2
App.css,#f1f2f0,bg,#eef0f4,1
App.css,#f1f3f1,bg,#eff1f5,1
App.css,#f1f3f2,bg,#eff1f5,2
App.css,#f1f4f2,bg,#eff1f6,24
App.css,#f1f5f2,bg,#eff1f7,4
App.css,#f1f5f3,bg,#eff1f7,1
App.css,#f1f6f2,bg,#eff2f8,2
App.css,#f1f7f3,bg,#eff2f9,1
App.css,#f1f8f3,bg,#eff2fa,5
App.css,#f2c15b,text,#1f5af6,1
App.css,#f2e7d2,bg,#ecf1fb,1
App.css,#f2ead8,bg,#ecf1fb,1
App.css,#f2ecdc,bg,#ecf1fb,1
App.css,#f2eee2,bg,#ecf1fb,2
App.css,#f2eee4,bg,#ecf1fb,1
App.css,#f2f4f2,bg,#f0f2f6,2
App.css,#f2f4f3,bg,#f0f2f6,1
App.css,#f2f5f1,bg,#eff1f7,1
App.css,#f2f5f2,bg,#f0f2f7,2
App.css,#f2f5f3,bg,#f0f2f7,1
App.css,#f2f6f3,bg,#f0f3f8,3
App.css,#f2f7f0,bg,#eef1f9,1
App.css,#f2f7f2,bg,#f0f3f9,2
App.css,#f2f7f4,bg,#f0f3f9,3
App.css,#f2f8f4,bg,#f0f3f9,1
App.css,#f2faf4,bg,#f1f4fb,1
App.css,#f2faf7,bg,#f1f4fb,1
App.css,#f2fbf9,bg,#f1f4fc,1
App.css,#f3bd46,text,#1f5af6,1
App.css,#f3e7cf,bg,#ecf1fb,1
App.css,#f3eadc,bg,#ecf1fb,1
App.css,#f3eee3,bg,#ecf1fb,1
App.css,#f3eee4,bg,#ecf1fb,1
App.css,#f3efe5,bg,#ecf1fb,1
App.css,#f3efe7,bg,#ecf1fb,1
App.css,#f3f0e8,bg,#ecf1fb,1
App.css,#f3f5f3,bg,#f1f3f7,2
App.css,#f3f6f0,bg,#eef1f8,1
App.css,#f3f6f1,bg,#eff2f8,1
App.css,#f3f6f2,bg,#f0f3f8,2
App.css,#f3f6f3,bg,#f1f3f8,1
App.css,#f3f6f4,bg,#f1f3f8,3
App.css,#f3f7f4,bg,#f2f4f8,6
App.css,#f3f8f1,bg,#eff2fa,1
App.css,#f3f8f4,bg,#f2f4f9,2
App.css,#f3f8f5,bg,#f2f4f9,2
App.css,#f4ead4,bg,#ecf1fb,1
App.css,#f4ecdd,bg,#ecf1fb,1
App.css,#f4efe5,bg,#ecf1fb,2
App.css,#f4f5f4,bg,#f2f4f7,1
App.css,#f4f6f2,bg,#f0f3f8,1
App.css,#f4f6f5,bg,#f2f4f8,1
App.css,#f4f7f3,bg,#f2f4f8,1
App.css,#f4f7f4,bg,#f3f4f8,4
App.css,#f4f7f4,border,#f3f4f8,1
App.css,#f4f7f5,bg,#f3f4f8,10
App.css,#f4f7f6,bg,#f3f4f8,1
App.css,#f4f8f4,any,#f3f5f9,1
App.css,#f4f8f4,bg,#f3f5f9,3
App.css,#f4f8f5,any,#f3f5f9,1
App.css,#f4f8f5,bg,#f3f5f9,9
App.css,#f4f9f5,bg,#f3f5fa,1
App.css,#f4faf6,bg,#f3f5fb,8
App.css,#f4faf7,bg,#f3f5fb,2
App.css,#f4faf8,bg,#f3f5fb,1
App.css,#f5c15b,text,#1f5af6,1
App.css,#f5c451,bg,#557ff1,1
App.css,#f5ead8,bg,#ecf1fb,1
App.css,#f5eee2,bg,#ecf1fb,1
App.css,#f5f0df,bg,#ecf1fb,1
App.css,#f5f0e4,bg,#ecf1fb,1
App.css,#f5f0e5,bg,#ecf1fb,2
App.css,#f5f7f2,bg,#f0f3f9,1
App.css,#f5f7f5,bg,#f4f5f8,8
App.css,#f5f8f5,bg,#f4f5f9,4
App.css,#f5f8f6,bg,#f4f5f9,10
App.css,#f5f8f7,bg,#f4f5f9,1
App.css,#f5f9f5,bg,#f4f6fa,1
App.css,#f5f9f6,bg,#f4f6fa,2
App.css,#f5f9f7,bg,#f4f6fa,1
App.css,#f5faf6,bg,#f4f6fb,2
App.css,#f5faf7,bg,#f4f6fb,1
App.css,#f5fbf2,bg,#f1f4fc,1
App.css,#f6e6d3,bg,#ecf1fb,1
App.css,#f6f0e4,bg,#ecf1fb,1
App.css,#f6f7f5,bg,#f4f5f8,3
App.css,#f6f8f5,bg,#f4f5f9,1
App.css,#f6f8f6,bg,#f5f6f9,5
App.css,#f6f8f7,bg,#f5f6f9,2
App.css,#f6f9f5,bg,#f4f6fa,1
App.css,#f6f9f7,bg,#f5f6fa,23
App.css,#f6faf3,bg,#f2f5fb,1
App.css,#f6faf6,bg,#f5f7fb,1
App.css,#f6faf7,bg,#f5f7fb,3
App.css,#f6fbf8,bg,#f5f7fc,2
App.css,#f7ead0,bg,#ecf1fb,1
App.css,#f7edda,bg,#ecf1fb,1
App.css,#f7eedb,bg,#ecf1fb,1
App.css,#f7efe0,bg,#ecf1fb,2
App.css,#f7efe2,bg,#ecf1fb,1
App.css,#f7efe5,bg,#ecf1fb,1
App.css,#f7f0df,bg,#ecf1fb,1
App.css,#f7f1e4,bg,#ecf1fb,1
App.css,#f7f1e5,bg,#ecf1fb,1
App.css,#f7f2e7,bg,#ecf1fb,1
App.css,#f7f3e9,bg,#ecf1fb,2
App.css,#f7f4ea,bg,#ecf1fb,1
App.css,#f7f4ea,border,#ecf1fb,1
App.css,#f7f5ed,bg,#ecf1fb,1
App.css,#f7f5ee,bg,#ecf1fb,1
App.css,#f7f5ef,bg,#ecf1fb,1
App.css,#f7f8f3,bg,#f2f4f9,2
App.css,#f7f8f4,bg,#f3f5f9,1
App.css,#f7f8f5,bg,#f4f5f9,2
App.css,#f7f8f6,bg,#f5f6f9,2
App.css,#f7f9f5,bg,#f4f6fa,1
App.css,#f7f9f7,bg,#f6f7fa,17
App.css,#f7f9f8,bg,#f6f7fa,9
App.css,#f7faf7,bg,#f6f8fb,10
App.css,#f7faf8,bg,#f6f8fb,25
App.css,#f7faf9,bg,#f6f8fb,1
App.css,#f7fbf8,bg,#f6f8fc,4
App.css,#f8edda,any,#ecf1fb,1
App.css,#f8eee3,bg,#ecf1fb,1
App.css,#f8efdc,bg,#ecf1fb,1
App.css,#f8f0dd,bg,#ecf1fb,1
App.css,#f8f1dc,bg,#ecf1fb,1
App.css,#f8f1e4,bg,#ecf1fb,1
App.css,#f8f3e7,any,#ecf1fb,1
App.css,#f8f4e9,bg,#ecf1fb,1
App.css,#f8f5ed,bg,#ecf1fb,1
App.css,#f8f6ee,bg,#ecf1fb,1
App.css,#f8f6ef,bg,#ecf1fb,1
App.css,#f8f7f1,bg,#eef2fb,1
App.css,#f8faf7,bg,#f6f8fb,1
App.css,#f8faf8,bg,#f7f8fb,17
App.css,#f8faf9,bg,#f7f8fb,8
App.css,#f8fbf4,bg,#f3f6fc,1
App.css,#f8fbf8,bg,#f7f9fc,2
App.css,#f8fbf9,bg,#f7f9fc,7
App.css,#f8fcf9,bg,#f7f9fd,3
App.css,#f9f0de,bg,#ecf1fb,1
App.css,#f9f5e8,bg,#ecf1fb,1
App.css,#f9fbf9,bg,#f8f9fc,1
App.css,#f9fbfa,bg,#f8f9fc,4
App.css,#f9fcf8,bg,#f7f9fd,1
App.css,#f9fcfa,bg,#f8fafd,2
App.css,#faf8f1,bg,#eff3fc,1
App.css,#faf9f4,bg,#f2f5fc,2
App.css,#fafbf8,bg,#f7f9fc,1
App.css,#fafbf9,bg,#f8f9fc,4
App.css,#fafbfa,bg,#f9fafc,1
App.css,#fafcf9,bg,#f8fafd,1
App.css,#fafcfa,bg,#f9fafd,1
App.css,#fafcfb,bg,#f9fafd,34
App.css,#fafdfa,bg,#f9fbfe,1
App.css,#fbf1dd,bg,#ecf1fb,1
App.css,#fbf4e7,any,#ecf1fb,1
App.css,#fbf5e9,any,#ecf1fb,1
App.css,#fbf8f0,bg,#eff3fc,1
App.css,#fbfaf5,any,#f3f6fd,1
App.css,#fbfaf6,bg,#f4f7fd,3
App.css,#fbfcf9,bg,#f8fafd,1
App.css,#fbfcfa,bg,#f9fafd,8
App.css,#fbfcfb,bg,#fafbfd,16
App.css,#fbfdfb,bg,#fbfbfd,6
App.css,#fbfdfc,bg,#fbfbfd,5
App.css,#fcfdfb,bg,#fbfbfd,1
App.css,#fcfdfc,bg,#fcfcfd,2
App.css,#ffa640,bg,#4e7af1,1
App.css,#ffb703,bg,#164fec,1
App.css,#ffd250,bg,#5d85f2,1
App.css,#ffe9d5,bg,#ecf1fb,1
App.css,#fff0c9,bg,#ecf1fb,1
App.css,#fff0ca,bg,#ecf1fb,1
App.css,#fff0cc,bg,#ecf1fb,1
App.css,#fff0d4,bg,#ecf1fb,1
App.css,#fff0dc,bg,#ecf1fb,1
App.css,#fff1cb,text,#ecf1fb,1
App.css,#fff1d5,bg,#ecf1fb,5
App.css,#fff1d7,bg,#ecf1fb,1
App.css,#fff1df,bg,#ecf1fb,1
App.css,#fff2cf,bg,#ecf1fb,1
App.css,#fff2d6,bg,#ecf1fb,1
App.css,#fff2d8,bg,#ecf1fb,2
App.css,#fff3d7,bg,#ecf1fb,1
App.css,#fff4d8,bg,#ecf1fb,2
App.css,#fff4d9,bg,#ecf1fb,1
App.css,#fff4da,bg,#ecf1fb,1
App.css,#fff4df,bg,#ecf1fb,3
App.css,#fff5ce,bg,#ecf1fb,1
App.css,#fff5d8,bg,#ecf1fb,2
App.css,#fff5dc,bg,#ecf1fb,2
App.css,#fff5dd,bg,#ecf1fb,1
App.css,#fff5e7,bg,#ecf1fb,1
App.css,#fff5e8,bg,#ecf1fb,1
App.css,#fff6d9,bg,#ecf1fb,1
App.css,#fff6db,bg,#ecf1fb,1
App.css,#fff6dd,bg,#ecf1fb,1
App.css,#fff6de,bg,#ecf1fb,1
App.css,#fff6df,bg,#ecf1fb,4
App.css,#fff6e7,bg,#ecf1fb,1
App.css,#fff6e9,bg,#edf1fb,1
App.css,#fff7dd,bg,#ecf1fb,1
App.css,#fff7df,bg,#ecf1fb,2
App.css,#fff7e6,bg,#ecf1fb,4
App.css,#fff7e7,bg,#ecf1fb,2
App.css,#fff7e7,text,#ecf1fb,1
App.css,#fff7eb,bg,#eef2fc,1
App.css,#fff7ed,bg,#f0f4fc,1
App.css,#fff8dc,bg,#ecf1fb,1
App.css,#fff8df,bg,#ecf1fb,2
App.css,#fff8e7,bg,#ecf1fb,2
App.css,#fff8e8,bg,#ecf1fb,8
App.css,#fff8e9,bg,#edf1fb,6
App.css,#fff8ea,bg,#eef2fb,1
App.css,#fff8eb,bg,#eef2fc,2
App.css,#fff8ee,bg,#f1f4fc,2
App.css,#fff9e6,bg,#ecf1fb,1
App.css,#fff9e7,bg,#ecf1fb,1
App.css,#fff9e8,bg,#ecf1fb,5
App.css,#fff9e9,bg,#edf1fb,3
App.css,#fff9eb,text,#eef2fc,1
App.css,#fff9ec,bg,#eff3fc,2
App.css,#fff9ed,bg,#f0f4fc,2
App.css,#fff9ef,bg,#f2f5fc,1
App.css,#fff9f0,bg,#f3f6fc,1
App.css,#fffae2,bg,#ecf1fb,1
App.css,#fffaeb,border,#eef2fc,1
App.css,#fffaf0,bg,#f3f6fc,12
App.css,#fffaf0,text,#f3f6fc,1
App.css,#fffaf1,bg,#f3f6fd,4
App.css,#fffaf2,bg,#f4f7fd,5
App.css,#fffaf3,bg,#f5f7fd,2
App.css,#fffbef,bg,#f2f5fc,1
App.css,#fffdf4,bg,#f6f8fd,1
App.css,#fffdf5,bg,#f7f9fd,3
App.css,#fffdf5,text,#f7f9fd,1
App.css,#fffdf7,bg,#f8fafe,16
App.css,#fffdf8,any,#f9fbfe,1
App.css,#fffdf8,bg,#f9fbfe,15
App.css,#fffdf9,bg,#fafbfe,9
App.css,#fffef9,bg,#fafbfe,1
App.css,#fffefa,bg,#fbfcfe,8
App.css,#fffefb,bg,#fcfcfe,1
App.css,#fffffc,bg,#fdfdfe,1
App.jsx,#081811,bg,#0f1e50,1
App.jsx,#0f1e16,border,#274086,1
App.jsx,#10251b,bg,#0f1e50,1
App.jsx,#11201a,bg,#0f1e50,1
App.jsx,#11271e,border,#274086,1
App.jsx,#12261c,border,#274086,2
App.jsx,#123126,bg,#1749d6,2
App.jsx,#133025,border,#274086,1
App.jsx,#14261f,bg,#0f1e50,1
App.jsx,#142d1e,border,#274086,1
App.jsx,#153b2b,text,#0d1a3a,1
App.jsx,#172019,border,#274086,1
App.jsx,#172c23,bg,#1749d6,1
App.jsx,#173a2a,bg,#1749d6,1
App.jsx,#173c2c,bg,#1749d6,2
App.jsx,#173c2c,text,#0d1a3a,16
App.jsx,#173c2e,text,#0d1a3a,1
App.jsx,#173f30,text,#0d1a3a,1
App.jsx,#174b38,text,#0d1a3a,1
App.jsx,#174c39,bg,#1749d6,1
App.jsx,#176b50,bg,#1f5af6,2
App.jsx,#176b50,border,#274086,1
App.jsx,#183326,text,#0d1a3a,1
App.jsx,#183427,text,#0d1a3a,1
App.jsx,#194632,border,#274086,1
App.jsx,#1b2b25,text,#0d1a3a,2
App.jsx,#1b3428,text,#0d1a3a,1
App.jsx,#214a34,border,#274086,1
App.jsx,#214e37,bg,#1f5af6,1
App.jsx,#214e37,border,#274086,1
App.jsx,#23362d,border,#274086,1
App.jsx,#24362d,bg,#1749d6,4
App.jsx,#24362d,border,#274086,3
App.jsx,#24362d,text,#0d1a3a,41
App.jsx,#244c35,bg,#1f5af6,1
App.jsx,#244c35,text,#22304f,2
App.jsx,#244d39,text,#22304f,6
App.jsx,#244d3b,bg,#1f5af6,1
App.jsx,#24583b,text,#22304f,3
App.jsx,#24613d,text,#22304f,7
App.jsx,#24623e,text,#22304f,1
App.jsx,#256247,text,#22304f,1
App.jsx,#263b32,text,#0d1a3a,2
App.jsx,#26714e,text,#22304f,1
App.jsx,#274d3b,bg,#1f5af6,1
App.jsx,#285f43,bg,#1f5af6,6
App.jsx,#285f43,border,#274086,1
App.jsx,#285f43,text,#22304f,5
App.jsx,#29483a,text,#22304f,1
App.jsx,#2c4336,border,#274086,1
App.jsx,#2f6a4a,bg,#1c397d,1
App.jsx,#315843,text,#22304f,1
App.jsx,#315f49,any,#1f5af6,1
App.jsx,#315f49,bg,#1f5af6,5
App.jsx,#315f49,border,#274086,2
App.jsx,#315f49,text,#22304f,11
App.jsx,#365947,bg,#1f5af6,48
App.jsx,#365947,border,#274086,20
App.jsx,#365947,text,#22304f,78
App.jsx,#3c7b5d,border,#254692,2
App.jsx,#3f765b,any,#28468d,1
App.jsx,#425d4e,text,#4c566b,1
App.jsx,#47705a,text,#485470,2
App.jsx,#495b4d,border,#344670,1
App.jsx,#496257,text,#4e5669,1
App.jsx,#507161,text,#505a71,1
App.jsx,#52635a,text,#535864,5
App.jsx,#557565,text,#555f75,3
App.jsx,#5c7f69,bg,#415c9a,1
App.jsx,#5e6d65,text,#5e626d,1
App.jsx,#63726a,text,#636872,1
App.jsx,#65786e,text,#656b78,1
App.jsx,#66776e,text,#666b77,4
App.jsx,#66786f,text,#666b78,1
App.jsx,#678173,text,#676f81,1
App.jsx,#6a756f,text,#6a6d75,1
App.jsx,#6b766f,text,#6b6e76,1
App.jsx,#6b7a70,text,#6b707a,1
App.jsx,#6b7a74,text,#6b707a,1
App.jsx,#6b806f,text,#6b7180,1
App.jsx,#6d7c74,text,#6d727c,1
App.jsx,#6f7e76,text,#6f737e,1
App.jsx,#6f9b7e,bg,#5070ba,1
App.jsx,#708078,text,#707580,1
App.jsx,#718078,text,#717680,5
App.jsx,#738279,text,#737782,1
App.jsx,#74582a,text,#1f5af6,2
App.jsx,#74837b,text,#747883,1
App.jsx,#7a531d,text,#1f5af6,6
App.jsx,#7a8981,text,#7a7e89,1
App.jsx,#7b8981,text,#7b7f89,4
App.jsx,#7b8a82,text,#7b7f8a,1
App.jsx,#7c4a13,text,#1f5af6,2
App.jsx,#7c511b,text,#1f5af6,1
App.jsx,#7c5a20,text,#1f5af6,2
App.jsx,#7d8d84,text,#7d818d,1
App.jsx,#87938c,text,#7e828b,3
App.jsx,#87958e,text,#7d828c,1
App.jsx,#89968f,text,#7d828c,1
App.jsx,#8a5a10,text,#1f5af6,1
App.jsx,#8a641f,text,#1f5af6,1
App.jsx,#8a6b2f,text,#1f5af6,1
App.jsx,#8a9690,text,#7e828b,1
App.jsx,#8a9890,text,#7d818c,3
App.jsx,#8a9a91,text,#7c818e,1
App.jsx,#8b6a2d,text,#1f5af6,2
App.jsx,#8b6a3f,text,#1f5af6,1
App.jsx,#92400e,any,#1145d4,1
App.jsx,#92400e,text,#1f5af6,10
App.jsx,#92620a,text,#1f5af6,1
App.jsx,#92b5a0,border,#8999be,1
App.jsx,#94a39b,text,#7b818e,1
App.jsx,#98742b,text,#1f5af6,1
App.jsx,#9a5b1f,text,#1f5af6,5
App.jsx,#9a6b25,text,#1f5af6,1
App.jsx,#9bcbb5,bg,#98a8ce,1
App.jsx,#a06e25,text,#1f5af6,1
App.jsx,#a16207,bg,#1145d4,2
App.jsx,#a16207,text,#1f5af6,9
App.jsx,#a36a2a,text,#1f5af6,14
App.jsx,#a9c8b6,border,#a2afcf,1
App.jsx,#b45309,bg,#1145d4,1
App.jsx,#b45309,border,#1145d4,1
App.jsx,#b45309,text,#1f5af6,2
App.jsx,#b7cdbf,border,#b1bbd3,6
App.jsx,#b8d5c5,border,#b3bfda,1
App.jsx,#b9c9bd,border,#b3bbcf,2
App.jsx,#bad4c5,border,#b4c0da,1
App.jsx,#c8d7cc,border,#c3cbdc,1
App.jsx,#c8d8ce,border,#c3cbdd,1
App.jsx,#c9d8d0,text,#c4ccdd,1
App.jsx,#ca8a04,bg,#1145d4,1
App.jsx,#ca8a04,border,#1145d4,1
App.jsx,#ca8a04,text,#1f5af6,2
App.jsx,#cad9d0,border,#c5cdde,1
App.jsx,#cbd8cf,border,#c6cddd,1
App.jsx,#cbd9d1,border,#c6cdde,3
App.jsx,#ccd7d0,border,#c7cddc,1
App.jsx,#ccd8d0,border,#c8cedc,1
App.jsx,#ccd9d1,border,#c8cedd,1
App.jsx,#cddbd3,border,#c9cfdf,1
App.jsx,#cdded4,border,#c9d0e2,1
App.jsx,#cfd8d1,border,#cbd0dc,5
App.jsx,#cfdad3,border,#cbd1de,1
App.jsx,#cfe0d3,border,#cbd3e4,1
App.jsx,#cfe0d6,border,#cbd3e4,3
App.jsx,#cfe2d3,border,#cbd3e6,2
App.jsx,#cfe2d5,bg,#cbd3e6,1
App.jsx,#cfe3d5,border,#ccd4e6,1
App.jsx,#d5e1da,border,#d1d7e5,4
App.jsx,#d5e5d9,border,#d2d8e8,1
App.jsx,#d5e8db,border,#d3daea,1
App.jsx,#d6ded9,bg,#d2d7e2,1
App.jsx,#d6dfd9,border,#d2d7e3,1
App.jsx,#d6eadc,border,#d5dceb,1
App.jsx,#d7e1da,border,#d4d9e4,3
App.jsx,#d7e6dc,border,#d4dae9,1
App.jsx,#d7e7dc,border,#d4dbea,2
App.jsx,#d7e8dc,border,#d4dbeb,2
App.jsx,#d8dfda,bg,#d4d9e3,1
App.jsx,#d8e0da,border,#d5d9e3,2
App.jsx,#d8e1dc,border,#d5d9e4,1
App.jsx,#d8e2db,border,#d5dae5,1
App.jsx,#d8e2dc,border,#d5dae5,5
App.jsx,#d8e3db,border,#d5dae6,2
App.jsx,#d8e3dc,border,#d5dae6,1
App.jsx,#d97706,border,#1145d4,1
App.jsx,#d97706,text,#1f5af6,2
App.jsx,#d9dfda,border,#d5d9e3,1
App.jsx,#d9e1dc,border,#d6dae4,2
App.jsx,#d9e3dc,border,#d6dbe6,1
App.jsx,#d9e5dc,border,#d6dbe8,1
App.jsx,#d9e6dc,border,#d6dce9,1
App.jsx,#dbe3dc,border,#d8dce6,28
App.jsx,#dbe3dd,border,#d8dce6,1
App.jsx,#dbe4de,border,#d8dce7,2
App.jsx,#dbe5df,border,#d8dde8,1
App.jsx,#dbe7de,border,#d8ddea,2
App.jsx,#dbe7df,border,#d8ddea,4
App.jsx,#dce4df,border,#d9dde7,1
App.jsx,#dce7df,border,#d9deea,1
App.jsx,#dce9df,border,#d9dfec,1
App.jsx,#dde8e1,border,#dadfeb,1
App.jsx,#dfe5e1,border,#dce0e8,1
App.jsx,#dfe6e1,border,#dce0e9,3
App.jsx,#dfe7e1,border,#dce0ea,3
App.jsx,#dfe7e2,border,#dce0ea,5
App.jsx,#dfe8e1,border,#dce1eb,1
App.jsx,#dfe8e2,border,#dce1eb,3
App.jsx,#dfe9e1,bg,#dce1ec,1
App.jsx,#dfe9e2,border,#dce1ec,3
App.jsx,#dfe9e3,border,#dce1ec,3
App.jsx,#e0e6df,border,#dce0e9,1
App.jsx,#e0e8e2,border,#dde1eb,1
App.jsx,#e1e7e3,border,#dee2ea,1
App.jsx,#e1e8e3,border,#dee2eb,5
App.jsx,#e1e9e4,border,#dee2ec,4
App.jsx,#e2e8e4,border,#dfe3eb,7
App.jsx,#e2f1e8,bg,#dfe5f4,1
App.jsx,#e3e8e2,border,#dfe3eb,1
App.jsx,#e4e8e2,border,#dfe3eb,1
App.jsx,#e4e8e5,border,#e0e4ec,1
App.jsx,#e4e9e5,border,#e0e4ed,1
App.jsx,#e4ebe6,border,#e0e5ef,2
App.jsx,#e4eee7,border,#e1e6f1,2
App.jsx,#e4f2e9,bg,#e1e7f5,1
App.jsx,#e5e9e6,any,#e1e5ed,1
App.jsx,#e5e9e6,border,#e1e5ed,1
App.jsx,#e5ebe7,border,#e2e5ee,4
App.jsx,#e5ece7,border,#e2e6ef,1
App.jsx,#e5f2e9,bg,#e2e8f5,1
App.jsx,#e6ebe7,border,#e3e6ee,1
App.jsx,#e6ece8,border,#e3e6ef,2
App.jsx,#e6eee8,border,#e3e7f1,1
App.jsx,#e6eee9,border,#e3e7f1,2
App.jsx,#e7ece8,border,#e4e7ef,1
App.jsx,#e7ece9,border,#e4e7ef,2
App.jsx,#e7eee9,border,#e4e8f1,1
App.jsx,#e7f2eb,bg,#e4e9f5,1
App.jsx,#e7f3eb,bg,#e4eaf6,1
App.jsx,#e7f5eb,bg,#e4eaf8,1
App.jsx,#e8f0ea,bg,#e5e9f3,1
App.jsx,#e8f1eb,bg,#e5eaf4,1
App.jsx,#e8f6ee,bg,#e6ebf8,1
App.jsx,#e9f3ec,bg,#e6ebf6,1
App.jsx,#e9f3ed,bg,#e6ebf6,1
App.jsx,#e9f5eb,bg,#e7ecf7,1
App.jsx,#eaf1ec,bg,#e7ebf4,1
App.jsx,#eaf3ed,bg,#e8ecf5,1
App.jsx,#eaf4ed,bg,#e8ecf6,1
App.jsx,#eaf4ee,bg,#e8ecf6,1
App.jsx,#eaf5ee,bg,#e8ecf7,1
App.jsx,#edf0ee,border,#ebedf2,1
App.jsx,#edf1ee,border,#ebedf3,8
App.jsx,#edf2ef,bg,#ebeef4,1
App.jsx,#edf2ef,border,#ebeef4,2
App.jsx,#edf5ef,bg,#ebeff7,6
App.jsx,#edf6ef,bg,#ebeff8,5
App.jsx,#edf6f0,bg,#ebeff8,1
App.jsx,#edf7ef,bg,#ebeff9,1
App.jsx,#eef1ef,border,#eceef3,1
App.jsx,#eef2ef,border,#eceef4,1
App.jsx,#eef2f0,border,#eceef4,2
App.jsx,#eef3ef,border,#eceff5,1
App.jsx,#eef5ef,bg,#eceff7,1
App.jsx,#eef5f0,bg,#eceff7,1
App.jsx,#eef5f1,bg,#eceff7,1
App.jsx,#eef6f0,bg,#ecf0f8,7
App.jsx,#eef7f0,bg,#ecf0f9,4
App.jsx,#eef7f1,bg,#ecf0f9,2
App.jsx,#f0f7f2,bg,#eef1f9,4
App.jsx,#f0f7f3,bg,#eef1f9,1
App.jsx,#f0f8f3,bg,#eef2fa,1
App.jsx,#f0f9f3,bg,#eef2fb,1
App.jsx,#f0fdfa,bg,#f1f4fc,4
App.jsx,#f1f5f2,bg,#eff1f7,1
App.jsx,#f1f5f3,border,#eff1f7,1
App.jsx,#f1f7f2,bg,#eff2f9,4
App.jsx,#f1f7f3,bg,#eff2f9,1
App.jsx,#f1f8f2,bg,#eff2fa,1
App.jsx,#f1f8f3,bg,#eff2fa,8
App.jsx,#f1f8f4,bg,#eff2fa,1
App.jsx,#f1faf4,bg,#f0f3fb,1
App.jsx,#f2f8f3,bg,#f0f3f9,1
App.jsx,#f2f8f4,bg,#f0f3f9,1
App.jsx,#f2fbf5,bg,#f1f4fc,1
App.jsx,#f3eee3,bg,#ecf1fb,1
App.jsx,#f3f6f4,bg,#f1f3f8,1
App.jsx,#f3f8f4,bg,#f2f4f9,1
App.jsx,#f3faf5,bg,#f2f5fb,1
App.jsx,#f4efe5,bg,#ecf1fb,1
App.jsx,#f4f6f4,bg,#f2f4f8,2
App.jsx,#f4f7f5,bg,#f3f4f8,2
App.jsx,#f4f8f5,bg,#f3f5f9,2
App.jsx,#f4faf6,bg,#f3f5fb,2
App.jsx,#f59e0b,bg,#144eec,3
App.jsx,#f5f1e8,bg,#ecf1fb,1
App.jsx,#f5f7f5,bg,#f4f5f8,2
App.jsx,#f5f8f6,any,#f4f5f9,1
App.jsx,#f5f8f6,bg,#f4f5f9,3
App.jsx,#f5faf7,bg,#f4f6fb,2
App.jsx,#f6faf7,bg,#f5f7fb,1
App.jsx,#f6fbf7,bg,#f5f7fc,1
App.jsx,#f7f8f7,bg,#f6f7f9,4
App.jsx,#f7faf8,bg,#f6f8fb,12
App.jsx,#f8efe4,bg,#ecf1fb,1
App.jsx,#f8f5ed,bg,#ecf1fb,8
App.jsx,#f8faf8,bg,#f7f8fb,9
App.jsx,#f8faf9,bg,#f7f8fb,11
App.jsx,#f8fbf8,bg,#f7f9fc,2
App.jsx,#f8fbf9,bg,#f7f9fc,1
App.jsx,#f8fcf9,bg,#f7f9fd,1
App.jsx,#f9fbfa,bg,#f8f9fc,2
App.jsx,#facc15,border,#2258ed,1
App.jsx,#fafcfb,bg,#f9fafd,2
App.jsx,#fb923c,border,#4774f0,1
App.jsx,#fbf7ee,any,#eef2fb,1
App.jsx,#fbfcfb,bg,#fafbfd,3
App.jsx,#fbfdfb,bg,#fbfbfd,4
App.jsx,#fbfdfc,bg,#fbfbfd,2
App.jsx,#fcd34d,border,#5881f1,1
App.jsx,#fef3c7,bg,#ecf1fb,4
App.jsx,#fef3c7,border,#ecf1fb,2
App.jsx,#fef9c3,bg,#ecf1fb,1
App.jsx,#ffedd5,bg,#ecf1fb,1
App.jsx,#fff0ce,bg,#ecf1fb,1
App.jsx,#fff4d9,bg,#ecf1fb,1
App.jsx,#fff4e5,bg,#ecf1fb,1
App.jsx,#fff5e9,bg,#edf1fb,1
App.jsx,#fff6e8,bg,#ecf1fb,1
App.jsx,#fff7e6,bg,#ecf1fb,1
App.jsx,#fff7ed,any,#f0f4fc,1
App.jsx,#fff7ed,bg,#f0f4fc,10
App.jsx,#fff8e8,bg,#ecf1fb,1
App.jsx,#fff8e9,bg,#edf1fb,1
App.jsx,#fff8ef,bg,#f2f5fc,1
App.jsx,#fffaf0,bg,#f3f6fc,19
App.jsx,#fffaf1,bg,#f3f6fd,1
App.jsx,#fffaf5,bg,#f7f9fd,1
App.jsx,#fffaf6,bg,#f8f9fd,1
App.jsx,#fffbeb,bg,#eef2fc,6
App.jsx,#fffdf7,bg,#f8fafe,2
App.jsx,#fffdf8,bg,#f9fbfe,1
components/HowdiAuthPortal.jsx,#0f1e16,border,#274086,1
components/HowdiAuthPortal.jsx,#11201a,bg,#0f1e50,1
components/HowdiAuthPortal.jsx,#173e31,bg,#1749d6,1
components/HowdiAuthPortal.jsx,#183d31,bg,#1749d6,5
components/HowdiAuthPortal.jsx,#183d31,border,#274086,3
components/HowdiAuthPortal.jsx,#183d31,text,#0d1a3a,3
components/HowdiAuthPortal.jsx,#1b2b25,text,#0d1a3a,3
components/HowdiAuthPortal.jsx,#1f2e28,text,#0d1a3a,2
components/HowdiAuthPortal.jsx,#26433a,text,#22304f,1
components/HowdiAuthPortal.jsx,#5c6b65,text,#5c606b,2
components/HowdiAuthPortal.jsx,#66736e,text,#666a73,2
components/HowdiAuthPortal.jsx,#6b7a74,text,#6b707a,4
components/HowdiAuthPortal.jsx,#748078,text,#747880,1
components/HowdiAuthPortal.jsx,#784a22,bg,#1145d4,1
components/HowdiAuthPortal.jsx,#8a5423,bg,#1145d4,1
components/HowdiAuthPortal.jsx,#8a948f,text,#7f828a,2
components/HowdiAuthPortal.jsx,#9aa3a0,text,#9099ad,1
components/HowdiAuthPortal.jsx,#b97a45,bg,#134deb,1
components/HowdiAuthPortal.jsx,#c9853f,bg,#1b53ed,1
components/HowdiAuthPortal.jsx,#d79b56,bg,#3e6def,1
components/HowdiAuthPortal.jsx,#d9a41f,bg,#134be5,1
components/HowdiAuthPortal.jsx,#dbe4dd,bg,#d8dce7,1
components/HowdiAuthPortal.jsx,#dca862,bg,#4d79f1,1
components/HowdiAuthPortal.jsx,#dfe3de,border,#dbdee6,3
components/HowdiAuthPortal.jsx,#e1e6e2,border,#dee1e9,1
components/HowdiAuthPortal.jsx,#e5e8e2,bg,#dfe3eb,1
components/HowdiAuthPortal.jsx,#f3f7f4,bg,#f2f4f8,1
components/HowdiAuthPortal.jsx,#f4f5f2,bg,#f0f2f7,1
components/HowdiAuthPortal.jsx,#f7f3e9,bg,#ecf1fb,2
components/ShopCatalogue.css,#183528,any,#1749d6,1
components/ShopCatalogue.css,#5b6d62,any,#425686,1
components/ShopCatalogue.css,#9a5b00,text,#1f5af6,1
components/ShopCatalogue.css,#dce5dd,any,#d9dde8,1
components/ShopCatalogue.css,#e0aa4a,any,#3b6bef,1
components/ShopCatalogue.css,#f4f8f4,any,#f3f5f9,1
components/ShopCatalogue.css,#fff1d6,bg,#ecf1fb,1
components/ShopProductActions.css,#1d5a2b,text,#22304f,1
components/ShopProductActions.css,#eef7ee,bg,#ecf0f9,1
howdi-for/HowdiFor.css,#f5ebe0,any,#ecf1fb,2
howdi-for/HowdiFor.css,#fb923c,any,#4774f0,2
howdi-for/HowdiFor.css,#fb923c,text,#1f5af6,1
howdi-for/HowdiFor.css,#fff8f1,any,#f3f6fd,2
learnEarn/learnEarn.css,#173f34,bg,#1749d6,1
learnEarn/learnEarn.css,#173f34,text,#0d1a3a,1
learnEarn/learnEarn.css,#1f5f4a,any,#1f5af6,1
learnEarn/learnEarn.css,#1f5f4a,bg,#1f5af6,3
learnEarn/learnEarn.css,#1f5f4a,border,#274086,1
learnEarn/learnEarn.css,#1f5f4a,text,#22304f,2
learnEarn/learnEarn.css,#24493c,text,#22304f,1
learnEarn/learnEarn.css,#25352d,border,#274086,1
learnEarn/learnEarn.css,#8bb9a5,border,#8295c2,1
learnEarn/learnEarn.css,#b8c8bf,border,#b2bace,1
learnEarn/learnEarn.css,#bfd8ca,border,#bac4dd,1
learnEarn/learnEarn.css,#cbd5cf,border,#c6ccda,1
learnEarn/learnEarn.css,#cfd8d1,border,#cbd0dc,1
learnEarn/learnEarn.css,#d6dcd7,border,#d2d6e0,1
learnEarn/learnEarn.css,#d8e8df,text,#d5dceb,1
learnEarn/learnEarn.css,#dfe3dd,border,#dadee6,2
learnEarn/learnEarn.css,#e0e4df,border,#dcdfe7,5
learnEarn/learnEarn.css,#e4e7e2,border,#dfe2ea,1
learnEarn/learnEarn.css,#e7e8e3,border,#e0e3eb,2
learnEarn/learnEarn.css,#e9eee9,bg,#e6e9f1,1
learnEarn/learnEarn.css,#e9f4ef,bg,#e7ebf6,1
learnEarn/learnEarn.css,#ecefea,border,#e7eaf2,1
learnEarn/learnEarn.css,#edf7f1,bg,#ebeff9,2
learnEarn/learnEarn.css,#eef1ec,bg,#eaedf3,3
learnEarn/learnEarn.css,#eef8f2,bg,#ecf0fa,2
learnEarn/learnEarn.css,#fff3df,bg,#ecf1fb,2
learnEarn/learnEarn.css,#fff6df,bg,#ecf1fb,1
ux-recovery.css,#073f35,any,#1749d6,1
ux-recovery.css,#073f35,bg,#1749d6,2
ux-recovery.css,#073f35,border,#274086,3
ux-recovery.css,#0a1e16,bg,#0f1e50,1
ux-recovery.css,#0a1e16,border,#274086,1
ux-recovery.css,#0a3d30,bg,#1749d6,1
ux-recovery.css,#0a4a3c,bg,#1749d6,2
ux-recovery.css,#0c5949,any,#1749d6,1
ux-recovery.css,#0f2a20,bg,#0f1e50,1
ux-recovery.css,#0f513f,any,#1749d6,2
ux-recovery.css,#0f513f,bg,#1749d6,1
ux-recovery.css,#0f513f,text,#0d1a3a,1
ux-recovery.css,#14705b,bg,#1f5af6,2
ux-recovery.css,#173a32,any,#1749d6,1
ux-recovery.css,#173a32,border,#274086,5
ux-recovery.css,#173d31,text,#0d1a3a,3
ux-recovery.css,#17795c,bg,#1f5af6,1
ux-recovery.css,#1f2a1a,text,#0d1a3a,2
ux-recovery.css,#1f3d31,text,#0d1a3a,1
ux-recovery.css,#24352d,text,#0d1a3a,1
ux-recovery.css,#33483f,text,#22304f,2
ux-recovery.css,#3d4d45,text,#22304f,1
ux-recovery.css,#4b5f56,text,#515767,1
ux-recovery.css,#55665e,any,#3e517d,1
ux-recovery.css,#5c6b63,text,#5c606b,3
ux-recovery.css,#6b7a72,text,#6b707a,1
ux-recovery.css,#6f5c33,text,#1f5af6,2
ux-recovery.css,#8a3b0c,text,#1f5af6,2
ux-recovery.css,#8a6a1f,text,#1f5af6,1
ux-recovery.css,#8a6b25,text,#1f5af6,1
ux-recovery.css,#c3cfc7,border,#bec4d4,1
ux-recovery.css,#c9d6cf,border,#c4cbdb,1
ux-recovery.css,#cddccf,border,#c9d0e0,2
ux-recovery.css,#cfdccf,border,#cbd1e0,1
ux-recovery.css,#cfe3d8,text,#ccd4e6,1
ux-recovery.css,#d4e6dc,text,#d1d8e9,3
ux-recovery.css,#d79b22,any,#134be6,2
ux-recovery.css,#dfe6e1,bg,#dce0e9,1
ux-recovery.css,#dfe7e1,border,#dce0ea,1
ux-recovery.css,#e9f1ea,bg,#e6eaf4,1
ux-recovery.css,#edf0ed,border,#ebedf2,1
ux-recovery.css,#eef4ee,bg,#eceff6,2
ux-recovery.css,#eef6ef,text,#ecf0f8,3
ux-recovery.css,#f3bd46,bg,#4975f0,1
ux-recovery.css,#f3bd46,text,#1f5af6,2
ux-recovery.css,#f3f1e6,bg,#ecf1fb,1
ux-recovery.css,#f7f8f3,any,#f2f4f9,1
ux-recovery.css,#f7f8f3,bg,#f2f4f9,1
ux-recovery.css,#f8faf5,bg,#f4f6fb,1
ux-recovery.css,#fbfaf5,any,#f3f6fd,1
ux-recovery.css,#fff7e6,bg,#ecf1fb,1
ux-recovery.css,#fffdf8,bg,#f9fbfe,1
ux-recovery.css,#fffefb,bg,#fcfcfe,1
ux-recovery.css,#fffffc,bg,#fdfdfe,3
